screen_name,created_at,id,id_str,text,full_text,truncated,entities,source,in_reply_to_status_id,in_reply_to_status_id_str,in_reply_to_user_id,in_reply_to_user_id_str,in_reply_to_screen_name,geo,coordinates,place,contributors,is_quote_status,retweet_count,favorite_count,favorited,favorited_by,retweeted,scopes,lang,possibly_sensitive,display_text_width,display_text_range,retweeted_status,quoted_status,quoted_status_id,quoted_status_id_str,quoted_status_permalink,quote_count,timestamp_ms,reply_count,filter_level,metadata,query,withheld_scope,withheld_copyright,withheld_in_countries,possibly_sensitive_appealable
LDU_Oficial,2023-02-02T01:04:06Z,1.62095E+18,1.62095E+18,"No se explica, tan solo se siente ğŸ¶.

#AucasLIGA 1x2
ğŸ† #CopaDeCampeonesEdgardoBauza. https://t.co/VOMkbcxrSV","No se explica, tan solo se siente ğŸ¶.

#AucasLIGA 1x2
ğŸ† #CopaDeCampeonesEdgardoBauza. https://t.co/VOMkbcxrSV",FALSE,,"<a href=""https://about.twitter.com/products/tweetdeck"" rel=""nofollow"">TweetDeck</a>",NA,NA,NA,NA,NA,,,,NA,FALSE,8,24,FALSE,NA,FALSE,NA,es,FALSE,NA,84,NA,,NA,NA,,NA,NA,NA,NA,NA,NA,NA,NA,NA,NA
LDU_Oficial,2023-02-02T00:59:09Z,1.62095E+18,1.62095E+18,"Â¡El ğŸ”Ÿ siempre estÃ¡!

#AucasLIGA 1x2
ğŸ† #CopaDeCampeonesEdgardoBauza. https://t.co/MH7KNtqgw7","Â¡El ğŸ”Ÿ siempre estÃ¡!

#AucasLIGA 1x2
ğŸ† #CopaDeCampeonesEdgardoBauza. https://t.co/MH7KNtqgw7",FALSE,,"<a href=""https://about.twitter.com/products/tweetdeck"" rel=""nofollow"">TweetDeck</a>",NA,NA,NA,NA,NA,,,,NA,FALSE,6,75,FALSE,NA,FALSE,NA,es,FALSE,NA,67,NA,,NA,NA,,NA,NA,NA,NA,NA,NA,NA,NA,NA,NA
LDU_Oficial,2023-02-02T00:47:43Z,1.62095E+18,1.62095E+18,"45' Â¡GOOOOOL DE LIIIIGAAAAA! 

EL ğŸ”Ÿ: Â¡ALEXANDEER ALVARADOOOO!

#AucasLIGA 1x2 https://t.co/v0mK7X8El2","45' Â¡GOOOOOL DE LIIIIGAAAAA! 

EL ğŸ”Ÿ: Â¡ALEXANDEER ALVARADOOOO!

#AucasLIGA 1x2 https://t.co/v0mK7X8El2",FALSE,,"<a href=""https://about.twitter.com/products/tweetdeck"" rel=""nofollow"">TweetDeck</a>",NA,NA,NA,NA,NA,,,,NA,FALSE,17,145,FALSE,NA,FALSE,NA,es,FALSE,NA,77,NA,,NA,NA,,NA,NA,NA,NA,NA,NA,NA,NA,NA,NA
LDU_Oficial,2023-02-02T00:34:53Z,1.62E+18,1.62094E+18,"Â¡La asistencia de Jhojan ğŸ‘€ğŸ‘€ğŸ‘ğŸ‘!

#AucasLIGA 1x1 https://t.co/bcCfMgnze8","Â¡La asistencia de Jhojan ğŸ‘€ğŸ‘€ğŸ‘ğŸ‘!

#AucasLIGA 1x1 https://t.co/bcCfMgnze8",FALSE,,"<a href=""https://about.twitter.com/products/tweetdeck"" rel=""nofollow"">TweetDeck</a>",NA,NA,NA,NA,NA,,,,NA,FALSE,7,96,FALSE,NA,FALSE,NA,es,FALSE,NA,46,NA,,NA,NA,,NA,NA,NA,NA,NA,NA,NA,NA,NA,NA
LDU_Oficial,2023-02-02T00:32:59Z,1.62094E+18,1.62094E+18,"Â¡El primero de muchos Tin ğŸ‘!

#AucasLIGA 1x1 https://t.co/4i6x9ofdaa","Â¡El primero de muchos Tin ğŸ‘!

#AucasLIGA 1x1 https://t.co/4i6x9ofdaa",FALSE,,"<a href=""https://about.twitter.com/products/tweetdeck"" rel=""nofollow"">TweetDeck</a>",NA,NA,NA,NA,NA,,,,NA,FALSE,22,233,FALSE,NA,FALSE,NA,es,FALSE,NA,44,NA,,NA,NA,,NA,NA,NA,NA,NA,NA,NA,NA,NA,NA
LDU_Oficial,2023-02-02T00:25:34Z,1.62E+18,1.62094E+18,"23' Â¡GOOOOOL DE LIIIGAAAA! Â¡TIIIN ANGULOOOOOO âš½!

#AucasLIGA 1x1 https://t.co/B2b1UIQXYP","23' Â¡GOOOOOL DE LIIIGAAAA! Â¡TIIIN ANGULOOOOOO âš½!

#AucasLIGA 1x1 https://t.co/B2b1UIQXYP",FALSE,,"<a href=""https://about.twitter.com/products/tweetdeck"" rel=""nofollow"">TweetDeck</a>",NA,NA,NA,NA,NA,,,,NA,FALSE,20,170,FALSE,NA,FALSE,NA,tl,FALSE,NA,64,NA,,NA,NA,,NA,NA,NA,NA,NA,NA,NA,NA,NA,NA
LDU_Oficial,2023-02-02T00:05:54Z,1.62094E+18,1.62094E+18,"2' Gol de Aucas ğŸ˜¥

#AucasLIGA 1x0","2' Gol de Aucas ğŸ˜¥

#AucasLIGA 1x0",FALSE,,"<a href=""https://about.twitter.com/products/tweetdeck"" rel=""nofollow"">TweetDeck</a>",NA,NA,NA,NA,NA,,,,NA,FALSE,4,91,FALSE,NA,FALSE,NA,fr,NA,NA,33,NA,,NA,NA,,NA,NA,NA,NA,NA,NA,NA,NA,NA,NA
LDU_Oficial,2023-02-02T00:04:50Z,1.62094E+18,1.62094E+18,"ğŸ“¸ El once albo de hoy.

#AucasLIGA https://t.co/MCo6tPhgRt","ğŸ“¸ El once albo de hoy.

#AucasLIGA https://t.co/MCo6tPhgRt",FALSE,,"<a href=""https://about.twitter.com/products/tweetdeck"" rel=""nofollow"">TweetDeck</a>",NA,NA,NA,NA,NA,,,,NA,FALSE,4,45,FALSE,NA,FALSE,NA,es,FALSE,NA,34,NA,,NA,NA,,NA,NA,NA,NA,NA,NA,NA,NA,NA,NA
LDU_Oficial,2023-02-02T00:03:23Z,1.62094E+18,1.62094E+18,"âš½ Â¡Inicia el partido!

#AucasLIGA 

#VamosLIGA âšªğŸ”´ https://t.co/DolBqVqTQy","âš½ Â¡Inicia el partido!

#AucasLIGA 

#VamosLIGA âšªğŸ”´ https://t.co/DolBqVqTQy",FALSE,,"<a href=""https://about.twitter.com/products/tweetdeck"" rel=""nofollow"">TweetDeck</a>",NA,NA,NA,NA,NA,,,,NA,FALSE,4,36,FALSE,NA,FALSE,NA,es,FALSE,NA,49,NA,,NA,NA,,NA,NA,NA,NA,NA,NA,NA,NA,NA,NA
LDU_Oficial,2023-02-01T23:59:19Z,1.62093E+18,1.62093E+18,"ğŸ“¸ El que no puede faltar, y los que siempre estÃ¡n.

Â¡Todo listo para el #SuperClÃ¡sico ğŸ‘!

âš½ #AucasLIGA 
ğŸ† #CopaDeCampeonesEdgardoBauza. https://t.co/UwjiR7olLa","ğŸ“¸ El que no puede faltar, y los que siempre estÃ¡n.

Â¡Todo listo para el #SuperClÃ¡sico ğŸ‘!

âš½ #AucasLIGA 
ğŸ† #CopaDeCampeonesEdgardoBauza. https://t.co/UwjiR7olLa",FALSE,,"<a href=""https://about.twitter.com/products/tweetdeck"" rel=""nofollow"">TweetDeck</a>",NA,NA,NA,NA,NA,,,,NA,FALSE,5,44,FALSE,NA,FALSE,NA,es,FALSE,NA,135,NA,,NA,NA,,NA,NA,NA,NA,NA,NA,NA,NA,NA,NA
LDU_Oficial,2023-02-01T23:56:18Z,1.62093E+18,1.62093E+18,"ğŸ“¸ Â¡Calentamiento en la cancha del Gonzalo Pozo!

âš½ #AucasLIGA 
ğŸ† #CopaDeCampeonesEdgardoBauza. https://t.co/PtueRb8GUH","ğŸ“¸ Â¡Calentamiento en la cancha del Gonzalo Pozo!

âš½ #AucasLIGA 
ğŸ† #CopaDeCampeonesEdgardoBauza. https://t.co/PtueRb8GUH",FALSE,,"<a href=""https://about.twitter.com/products/tweetdeck"" rel=""nofollow"">TweetDeck</a>",NA,NA,NA,NA,NA,,,,NA,FALSE,5,41,FALSE,NA,FALSE,NA,es,FALSE,NA,94,NA,,NA,NA,,NA,NA,NA,NA,NA,NA,NA,NA,NA,NA
LDU_Oficial,2023-02-01T23:53:47Z,1.62E+18,1.62093E+18,"ğŸ“¸ Â¡Dida DomÃ­nguez!

âš½ #AucasLIGA 
ğŸ† #CopaDeCampeonesEdgardoBauza. https://t.co/Eo9ywSglXz","ğŸ“¸ Â¡Dida DomÃ­nguez!

âš½ #AucasLIGA 
ğŸ† #CopaDeCampeonesEdgardoBauza. https://t.co/Eo9ywSglXz",FALSE,,"<a href=""https://about.twitter.com/products/tweetdeck"" rel=""nofollow"">TweetDeck</a>",NA,NA,NA,NA,NA,,,,NA,FALSE,7,60,FALSE,NA,FALSE,NA,pt,FALSE,NA,65,NA,,NA,NA,,NA,NA,NA,NA,NA,NA,NA,NA,NA,NA
LDU_Oficial,2023-02-01T23:49:21Z,1.62093E+18,1.62093E+18,"ğŸ“¸ğŸ‘

ğŸ† #CopaDeCampeonesEdgardoBauza. https://t.co/HMaXbWY9cw","ğŸ“¸ğŸ‘

ğŸ† #CopaDeCampeonesEdgardoBauza. https://t.co/HMaXbWY9cw",FALSE,,"<a href=""https://about.twitter.com/products/tweetdeck"" rel=""nofollow"">TweetDeck</a>",NA,NA,NA,NA,NA,,,,NA,FALSE,9,81,FALSE,NA,FALSE,NA,und,FALSE,NA,35,NA,,NA,NA,,NA,NA,NA,NA,NA,NA,NA,NA,NA,NA
LDU_Oficial,2023-02-01T23:41:02Z,1.62E+18,1.62093E+18,"Â¡LIGA en el Estadio Gonzalo Pozo!

âš½ #AucasLIGA 
ğŸ† #CopaDeCampeonesEdgardoBauza. https://t.co/IlFKPn8zMc","Â¡LIGA en el Estadio Gonzalo Pozo!

âš½ #AucasLIGA 
ğŸ† #CopaDeCampeonesEdgardoBauza. https://t.co/IlFKPn8zMc",FALSE,,"<a href=""https://about.twitter.com/products/tweetdeck"" rel=""nofollow"">TweetDeck</a>",NA,NA,NA,NA,NA,,,,NA,FALSE,7,75,FALSE,NA,FALSE,NA,es,FALSE,NA,80,NA,,NA,NA,,NA,NA,NA,NA,NA,NA,NA,NA,NA,NA
LDU_Oficial,2023-02-01T23:30:25Z,1.62093E+18,1.62093E+18,"Camerino albo: âœ…
Â¡Se viene el #SuperClÃ¡sico!

âš½ #AucasLIGA 
ğŸ† #CopaDeCampeonesEdgardoBauza. https://t.co/i9hDpFhV7K","Camerino albo: âœ…
Â¡Se viene el #SuperClÃ¡sico!

âš½ #AucasLIGA 
ğŸ† #CopaDeCampeonesEdgardoBauza. https://t.co/i9hDpFhV7K",FALSE,,"<a href=""https://about.twitter.com/products/tweetdeck"" rel=""nofollow"">TweetDeck</a>",NA,NA,NA,NA,NA,,,,NA,FALSE,10,98,FALSE,NA,FALSE,NA,es,FALSE,NA,91,NA,,NA,NA,,NA,NA,NA,NA,NA,NA,NA,NA,NA,NA
LDU_Oficial,2023-02-01T23:00:21Z,1.62092E+18,1.62092E+18,"ğŸ“‹ #AlineaciÃ³nLDU
Â¡El once albo para enfrentar a Aucas por la #CopaDeCampeonesEdgardoBauza!

Presentada por: @BancoPichincha 

#VamosLIGA âšªğŸ”´ https://t.co/urRSDRnjrM","ğŸ“‹ #AlineaciÃ³nLDU
Â¡El once albo para enfrentar a Aucas por la #CopaDeCampeonesEdgardoBauza!

Presentada por: @BancoPichincha 

#VamosLIGA âšªğŸ”´ https://t.co/urRSDRnjrM",FALSE,,"<a href=""https://about.twitter.com/products/tweetdeck"" rel=""nofollow"">TweetDeck</a>",NA,NA,NA,NA,NA,,,,NA,FALSE,19,142,FALSE,NA,FALSE,NA,es,FALSE,NA,139,NA,,NA,NA,,NA,NA,NA,NA,NA,NA,NA,NA,NA,NA
LDU_Oficial,2023-02-01T21:53:57Z,1.6209E+18,1.6209E+18,"ğŸ“¹ AsÃ­ nos preparamos para el primer #SuperClÃ¡sico del aÃ±o, por la #CopaDeCampeonesEdgardoBauza.
ğŸ‘€ https://t.co/OZANUJwgxh

âš½ AucasLIGA
ğŸ“† Â¡Hoy! |19h00
ğŸ“º @StarPlusLA https://t.co/khimqthErN","ğŸ“¹ AsÃ­ nos preparamos para el primer #SuperClÃ¡sico del aÃ±o, por la #CopaDeCampeonesEdgardoBauza.
ğŸ‘€ https://t.co/OZANUJwgxh

âš½ AucasLIGA
ğŸ“† Â¡Hoy! |19h00
ğŸ“º @StarPlusLA https://t.co/khimqthErN",FALSE,,"<a href=""https://about.twitter.com/products/tweetdeck"" rel=""nofollow"">TweetDeck</a>",NA,NA,NA,NA,NA,,,,NA,FALSE,10,84,FALSE,NA,FALSE,NA,es,FALSE,NA,163,NA,,NA,NA,,NA,NA,NA,NA,NA,NA,NA,NA,NA,NA
LDU_Oficial,2023-02-01T17:40:28Z,1.62084E+18,1.62084E+18,"ğŸš€ Jefferson Arce ğŸ‘Œ

#VamosLIGA #CopaDeCampeones #Golazo https://t.co/yj2qg3WEEg","ğŸš€ Jefferson Arce ğŸ‘Œ

#VamosLIGA #CopaDeCampeones #Golazo https://t.co/yj2qg3WEEg",FALSE,,"<a href=""http://twitter.com/download/android"" rel=""nofollow"">Twitter for Android</a>",NA,NA,NA,NA,NA,,,,NA,FALSE,10,133,FALSE,NA,FALSE,NA,en,FALSE,NA,55,NA,,NA,NA,,NA,NA,NA,NA,NA,NA,NA,NA,NA,NA
LDU_Oficial,2023-02-01T14:00:04Z,1.62E+18,1.62078E+18,"âš½ #HoyJuegaLIGA 

ğŸ†š #AucasLIGA
ğŸ† @SeriePacifico | #CopaDeCampeones ""Edgardo Bauza""
ğŸŸï¸ Estadio Gonzalo Pozo

#VamosLIGA âšªğŸ”´ https://t.co/GBqx3UjL7Y","âš½ #HoyJuegaLIGA 

ğŸ†š #AucasLIGA
ğŸ† @SeriePacifico | #CopaDeCampeones ""Edgardo Bauza""
ğŸŸï¸ Estadio Gonzalo Pozo

#VamosLIGA âšªğŸ”´ https://t.co/GBqx3UjL7Y",FALSE,,"<a href=""https://about.twitter.com/products/tweetdeck"" rel=""nofollow"">TweetDeck</a>",NA,NA,NA,NA,NA,,,,NA,FALSE,27,218,FALSE,NA,FALSE,NA,es,FALSE,NA,121,NA,,NA,NA,,NA,NA,NA,NA,NA,NA,NA,NA,NA,NA
LDU_Oficial,2023-02-01T00:30:00Z,1.62058E+18,1.62058E+18,"ğŸ‘€ Â¡AsÃ­ serÃ¡ nuestra primera etapa de @LigaProEC!

#VamosLIGA âšª ğŸ”´ https://t.co/PE8PMyLK1D","ğŸ‘€ Â¡AsÃ­ serÃ¡ nuestra primera etapa de @LigaProEC!

#VamosLIGA âšª ğŸ”´ https://t.co/PE8PMyLK1D",FALSE,,"<a href=""https://about.twitter.com/products/tweetdeck"" rel=""nofollow"">TweetDeck</a>",NA,NA,NA,NA,NA,,,,NA,FALSE,53,302,FALSE,NA,FALSE,NA,es,FALSE,NA,64,NA,,NA,NA,,NA,NA,NA,NA,NA,NA,NA,NA,NA,NA
LDU_Oficial,2023-01-31T23:49:41Z,1.62057E+18,1.62057E+18,"Dentro de la negociaciÃ³n que se ha mantenido con la organizaciÃ³n de la #CopaDeCampeonesEdgardoBauza, se ha contemplado el acceso gratuito para nuestros abonados.

Â¡MÃ¡s beneficios para los @LiguistaOficial ğŸ™Œ! https://t.co/4LH7vRJae5","Dentro de la negociaciÃ³n que se ha mantenido con la organizaciÃ³n de la #CopaDeCampeonesEdgardoBauza, se ha contemplado el acceso gratuito para nuestros abonados.

Â¡MÃ¡s beneficios para los @LiguistaOficial ğŸ™Œ! https://t.co/4LH7vRJae5",FALSE,,"<a href=""https://about.twitter.com/products/tweetdeck"" rel=""nofollow"">TweetDeck</a>",NA,NA,NA,NA,NA,,,,NA,TRUE,18,140,FALSE,NA,FALSE,NA,es,FALSE,NA,207,NA,,1.62E+18,1.62056E+18,,NA,NA,NA,NA,NA,NA,NA,NA,NA,NA
LDU_Oficial,2023-01-31T22:43:40Z,1.62055E+18,1.62055E+18,"Ãšltimo entrenamiento previo a la #CopaDeCampeones ""Edgardo Bauza"" ğŸ†ğŸ”¥ğŸ“¸ https://t.co/8fENeGd1eq","Ãšltimo entrenamiento previo a la #CopaDeCampeones ""Edgardo Bauza"" ğŸ†ğŸ”¥ğŸ“¸ https://t.co/8fENeGd1eq",FALSE,,"<a href=""http://twitter.com/download/iphone"" rel=""nofollow"">Twitter for iPhone</a>",NA,NA,NA,NA,NA,,,,NA,FALSE,18,243,FALSE,NA,FALSE,NA,es,FALSE,NA,69,NA,,NA,NA,,NA,NA,NA,NA,NA,NA,NA,NA,NA,NA
LDU_Oficial,2023-01-31T22:27:21Z,1.62055E+18,1.62055E+18,"Las Armaduras 2ï¸âƒ£0ï¸âƒ£2ï¸âƒ£3ï¸âƒ£ @PUMA_Ec del #ReyDeCopas ğŸ‡ªğŸ‡¨.

De venta en @marathonsports_ ğŸ¤©

ğŸ›’ https://t.co/aHbdsNUYyr https://t.co/RVTBRIS3SM","Las Armaduras 2ï¸âƒ£0ï¸âƒ£2ï¸âƒ£3ï¸âƒ£ @PUMA_Ec del #ReyDeCopas ğŸ‡ªğŸ‡¨.

De venta en @marathonsports_ ğŸ¤©

ğŸ›’ https://t.co/aHbdsNUYyr https://t.co/RVTBRIS3SM",FALSE,,"<a href=""https://ads.twitter.com"" rel=""nofollow"">Twitter Ads</a>",NA,NA,NA,NA,NA,,,,NA,FALSE,27,225,FALSE,NA,FALSE,NA,en,FALSE,NA,114,NA,,NA,NA,,NA,NA,NA,NA,NA,NA,NA,NA,NA,NA
LDU_Oficial,2023-01-31T20:45:03Z,1.62E+18,1.62052E+18,"ğŸ“„ #ReporteDeAsistencia:

âš½ #NocheBlancaAlMedioDÃ­aLDU âšªğŸ”´ https://t.co/lbyjghE0lS","ğŸ“„ #ReporteDeAsistencia:

âš½ #NocheBlancaAlMedioDÃ­aLDU âšªğŸ”´ https://t.co/lbyjghE0lS",FALSE,,"<a href=""https://about.twitter.com/products/tweetdeck"" rel=""nofollow"">TweetDeck</a>",NA,NA,NA,NA,NA,,,,NA,FALSE,49,479,FALSE,NA,FALSE,NA,und,FALSE,NA,55,NA,,NA,NA,,NA,NA,NA,NA,NA,NA,NA,NA,NA,NA
LDU_Oficial,2023-01-31T20:14:24Z,1.62E+18,1.62052E+18,ğŸ¤©ğŸ¤© Â¿CuÃ¡l es tu favorita? https://t.co/dDZ2N2omF6,ğŸ¤©ğŸ¤© Â¿CuÃ¡l es tu favorita? https://t.co/dDZ2N2omF6,FALSE,,"<a href=""https://mobile.twitter.com"" rel=""nofollow"">Twitter Web App</a>",NA,NA,NA,NA,NA,,,,NA,TRUE,12,166,FALSE,NA,FALSE,NA,es,FALSE,NA,24,NA,,1.62005E+18,1.62005E+18,,NA,NA,NA,NA,NA,NA,NA,NA,NA,NA
LDU_Oficial,2023-01-31T20:13:18Z,1.62E+18,1.62052E+18,ğŸ‘ğŸ‘ğŸ‘ğŸ‘ğŸ‡ªğŸ‡¨ğŸ‡µğŸ‡ª https://t.co/gmarejE0jn,ğŸ‘ğŸ‘ğŸ‘ğŸ‘ğŸ‡ªğŸ‡¨ğŸ‡µğŸ‡ª https://t.co/gmarejE0jn,FALSE,,"<a href=""https://mobile.twitter.com"" rel=""nofollow"">Twitter Web App</a>",NA,NA,NA,NA,NA,,,,NA,TRUE,16,193,FALSE,NA,FALSE,NA,art,FALSE,NA,8,NA,,1.62046E+18,1.62046E+18,,NA,NA,NA,NA,NA,NA,NA,NA,NA,NA
LDU_Oficial,2023-01-31T17:09:10Z,1.62047E+18,1.62047E+18,"Las mejores postales de nuestra #NocheBlancaAlMedioDÃ­aLDU ğŸ¤â¤ï¸ en nuestra LDU APP.
ğŸ“¸ FOTOGALERÃA completaâ¬‡ï¸ 
https://t.co/bk6Q37gWxF https://t.co/Un0Xkkg468","Las mejores postales de nuestra #NocheBlancaAlMedioDÃ­aLDU ğŸ¤â¤ï¸ en nuestra LDU APP.
ğŸ“¸ FOTOGALERÃA completaâ¬‡ï¸ 
https://t.co/bk6Q37gWxF https://t.co/Un0Xkkg468",FALSE,,"<a href=""https://mobile.twitter.com"" rel=""nofollow"">Twitter Web App</a>",NA,NA,NA,NA,NA,,,,NA,FALSE,11,153,FALSE,NA,FALSE,NA,es,FALSE,NA,131,NA,,NA,NA,,NA,NA,NA,NA,NA,NA,NA,NA,NA,NA
LDU_Oficial,2023-01-31T15:46:48Z,1.62045E+18,1.62045E+18,"Mauricio MartÃ­nez. ğŸ‘ŠğŸ¼ğŸ”œ

#VamosLIGA https://t.co/bO5BtVwqvw","Mauricio MartÃ­nez. ğŸ‘ŠğŸ¼ğŸ”œ

#VamosLIGA https://t.co/bO5BtVwqvw",FALSE,,"<a href=""http://twitter.com/download/iphone"" rel=""nofollow"">Twitter for iPhone</a>",NA,NA,NA,NA,NA,,,,NA,FALSE,19,378,FALSE,NA,FALSE,NA,es,FALSE,NA,34,NA,,NA,NA,,NA,NA,NA,NA,NA,NA,NA,NA,NA,NA
LDU_Oficial,2023-01-31T01:10:07Z,1.62E+18,1.62023E+18,"CorrecciÃ³n. Actividades de Liga del 31 de enero al 5 de Febrero febrerohttps://conta.cc/3Hk2q7l
https://t.co/mVZzFI0COj https://t.co/h1V2Uohhuo","CorrecciÃ³n. Actividades de Liga del 31 de enero al 5 de Febrero febrerohttps://conta.cc/3Hk2q7l
https://t.co/mVZzFI0COj https://t.co/h1V2Uohhuo",FALSE,,"<a href=""https://www.constantcontact.com/"" rel=""nofollow"">Constant Contact - Social Posts</a>",NA,NA,NA,NA,NA,,,,NA,FALSE,10,61,FALSE,NA,FALSE,NA,es,FALSE,NA,119,NA,,NA,NA,,NA,NA,NA,NA,NA,NA,NA,NA,NA,NA
LDU_Oficial,2023-01-31T00:52:42Z,1.62E+18,1.62022E+18,"ğŸ”œ PrÃ³ximo partido
ğŸ†š #AucasLIGA
ğŸ† @SeriePacifico | #CopaDeCampeones

#VamosLIGA âšªğŸ”´ https://t.co/0O4sC9TXJP","ğŸ”œ PrÃ³ximo partido
ğŸ†š #AucasLIGA
ğŸ† @SeriePacifico | #CopaDeCampeones

#VamosLIGA âšªğŸ”´ https://t.co/0O4sC9TXJP",FALSE,,"<a href=""https://about.twitter.com/products/tweetdeck"" rel=""nofollow"">TweetDeck</a>",NA,NA,NA,NA,NA,,,,NA,FALSE,34,261,FALSE,NA,FALSE,NA,es,FALSE,NA,81,NA,,NA,NA,,NA,NA,NA,NA,NA,NA,NA,NA,NA,NA
LDU_Oficial,2023-01-30T23:03:04Z,1.62E+18,1.6202E+18,"#ElMejorLugarDelMundo en todo su esplendor. Â¡Pintado de blanco ğŸ¤©!

Â¡A seguir todo el aÃ±o asÃ­! Â¡Juntos ğŸ’ª!

#NocheBlancaAlMedioDÃ­aLDU https://t.co/gZZA7tP5Ob","#ElMejorLugarDelMundo en todo su esplendor. Â¡Pintado de blanco ğŸ¤©!

Â¡A seguir todo el aÃ±o asÃ­! Â¡Juntos ğŸ’ª!

#NocheBlancaAlMedioDÃ­aLDU https://t.co/gZZA7tP5Ob",FALSE,,"<a href=""https://mobile.twitter.com"" rel=""nofollow"">Twitter Web App</a>",NA,NA,NA,NA,NA,,,,NA,FALSE,49,503,FALSE,NA,FALSE,NA,es,FALSE,NA,131,NA,,NA,NA,,NA,NA,NA,NA,NA,NA,NA,NA,NA,NA
LDU_Oficial,2023-01-30T22:41:02Z,1.62E+18,1.62019E+18,Â¡AsÃ­ se reimaginÃ³ el partido de la #NocheBlancaAlMedioDÃ­aLDU con Inteligencia Artificial gracias a @BancoPichincha! https://t.co/3LOebhsjax,Â¡AsÃ­ se reimaginÃ³ el partido de la #NocheBlancaAlMedioDÃ­aLDU con Inteligencia Artificial gracias a @BancoPichincha! https://t.co/3LOebhsjax,FALSE,,"<a href=""http://twitter.com/download/android"" rel=""nofollow"">Twitter for Android</a>",NA,NA,NA,NA,NA,,,,NA,TRUE,13,98,FALSE,NA,FALSE,NA,es,FALSE,NA,115,NA,,1.62019E+18,1.62019E+18,,NA,NA,NA,NA,NA,NA,NA,NA,NA,NA
LDU_Oficial,2023-01-30T02:00:18Z,1.62E+18,1.61988E+18,"Actividades de LIGA del 30 de enero al 5 de febrero 
 https://t.co/BuehDm2CLU https://t.co/kNiZKEqGhT","Actividades de LIGA del 30 de enero al 5 de febrero 
 https://t.co/BuehDm2CLU https://t.co/kNiZKEqGhT",FALSE,,"<a href=""https://www.constantcontact.com/"" rel=""nofollow"">Constant Contact - Social Posts</a>",NA,NA,NA,NA,NA,,,,NA,FALSE,11,68,FALSE,NA,FALSE,NA,es,FALSE,NA,77,NA,,NA,NA,,NA,NA,NA,NA,NA,NA,NA,NA,NA,NA
LDU_Oficial,2023-01-30T00:05:00Z,1.62E+18,1.61985E+18,Â¡Vamos Guerreros! âšªï¸ğŸ”´ https://t.co/WNAIijuk08,Â¡Vamos Guerreros! âšªï¸ğŸ”´ https://t.co/WNAIijuk08,FALSE,,"<a href=""http://twitter.com/download/iphone"" rel=""nofollow"">Twitter for iPhone</a>",NA,NA,NA,NA,NA,,,,NA,TRUE,5,119,FALSE,NA,FALSE,NA,es,FALSE,NA,21,NA,,1.61984E+18,1.61984E+18,,NA,NA,NA,NA,NA,NA,NA,NA,NA,NA
LDU_Oficial,2023-01-29T21:57:31Z,1.61982E+18,1.61982E+18,Esta hinchada jamÃ¡s los olvidarÃ¡ ğŸ¶ğŸ¥ºğŸ¤â¤ï¸ https://t.co/E2g9w17avd,Esta hinchada jamÃ¡s los olvidarÃ¡ ğŸ¶ğŸ¥ºğŸ¤â¤ï¸ https://t.co/E2g9w17avd,FALSE,,"<a href=""http://twitter.com/download/iphone"" rel=""nofollow"">Twitter for iPhone</a>",NA,NA,NA,NA,NA,,,,NA,FALSE,62,798,FALSE,NA,FALSE,NA,es,FALSE,NA,38,NA,,NA,NA,,NA,NA,NA,NA,NA,NA,NA,NA,NA,NA
LDU_Oficial,2023-01-29T20:32:26Z,1.6198E+18,1.6198E+18,"Postales del partido ante El Nacional. âšªï¸ğŸ”´
#NocheBlancaAlMedioDiaLDU https://t.co/WDJ7eE6Bsl","Postales del partido ante El Nacional. âšªï¸ğŸ”´
#NocheBlancaAlMedioDiaLDU https://t.co/WDJ7eE6Bsl",FALSE,,"<a href=""http://twitter.com/download/iphone"" rel=""nofollow"">Twitter for iPhone</a>",NA,NA,NA,NA,NA,,,,NA,FALSE,12,162,FALSE,NA,FALSE,NA,es,FALSE,NA,68,NA,,NA,NA,,NA,NA,NA,NA,NA,NA,NA,NA,NA,NA
LDU_Oficial,2023-01-29T20:27:48Z,1.62E+18,1.61979E+18,"Resultado final. 
#NocheBlancaAlMedioDiaLDU 
#LIGANacional 1x2 https://t.co/HKESSdsYkq","Resultado final. 
#NocheBlancaAlMedioDiaLDU 
#LIGANacional 1x2 https://t.co/HKESSdsYkq",FALSE,,"<a href=""http://twitter.com/download/iphone"" rel=""nofollow"">Twitter for iPhone</a>",NA,NA,NA,NA,NA,,,,NA,FALSE,47,787,FALSE,NA,FALSE,NA,pt,FALSE,NA,62,NA,,NA,NA,,NA,NA,NA,NA,NA,NA,NA,NA,NA,NA
LDU_Oficial,2023-01-29T20:24:54Z,1.62E+18,1.61979E+18,"92' Falta en contra de Renato Ibarra y tiro libre peligroso a favor de LIGA.
AsÃ­ imagina la IA de @BancoPichincha el momento en el que los albos se preparan para el remate.

#LIGANacional 
#NocheBlancaAlMedioDiaLDU https://t.co/iLvZfYDuah","92' Falta en contra de Renato Ibarra y tiro libre peligroso a favor de LIGA.
AsÃ­ imagina la IA de @BancoPichincha el momento en el que los albos se preparan para el remate.

#LIGANacional 
#NocheBlancaAlMedioDiaLDU https://t.co/iLvZfYDuah",FALSE,,"<a href=""http://twitter.com/download/android"" rel=""nofollow"">Twitter for Android</a>",NA,NA,NA,NA,NA,,,,NA,FALSE,5,67,FALSE,NA,FALSE,NA,es,FALSE,NA,214,NA,,NA,NA,,NA,NA,NA,NA,NA,NA,NA,NA,NA,NA
LDU_Oficial,2023-01-29T20:13:32Z,1.62E+18,1.61979E+18,"81' Juan Luis AnangonÃ³ la controlÃ³ bien pero el remate se va por arriba.

#LIGANacional
#NocheBlancaAlMedioDÃ­aLDU https://t.co/LSQWSt2hV1","81' Juan Luis AnangonÃ³ la controlÃ³ bien pero el remate se va por arriba.

#LIGANacional
#NocheBlancaAlMedioDÃ­aLDU https://t.co/LSQWSt2hV1",FALSE,,"<a href=""http://twitter.com/download/android"" rel=""nofollow"">Twitter for Android</a>",NA,NA,NA,NA,NA,,,,NA,FALSE,4,59,FALSE,NA,FALSE,NA,es,FALSE,NA,113,NA,,NA,NA,,NA,NA,NA,NA,NA,NA,NA,NA,NA,NA
LDU_Oficial,2023-01-29T20:09:06Z,1.62E+18,1.61979E+18,"74' Jugada individual de Renato Ibarra, se saca 2 defensas de encima y remata pero encuentra bien ubicado al arquero. AsÃ­ lo reimaginÃ³ la IA de @BancoPichincha.

#LIGANacional 
#NocheBlancaAlMedioDiaLDU https://t.co/E6fqkk0xV3","74' Jugada individual de Renato Ibarra, se saca 2 defensas de encima y remata pero encuentra bien ubicado al arquero. AsÃ­ lo reimaginÃ³ la IA de @BancoPichincha.

#LIGANacional 
#NocheBlancaAlMedioDiaLDU https://t.co/E6fqkk0xV3",FALSE,,"<a href=""http://twitter.com/download/android"" rel=""nofollow"">Twitter for Android</a>",NA,NA,NA,NA,NA,,,,NA,FALSE,5,50,FALSE,NA,FALSE,NA,es,FALSE,NA,202,NA,,NA,NA,,NA,NA,NA,NA,NA,NA,NA,NA,NA,NA
LDU_Oficial,2023-01-29T20:00:22Z,1.61979E+18,1.61979E+18,"El remate de Danny Luna, se desvÃ­a en la mano del arquero rival y golpea en el travesaÃ±o. AsÃ­ lo reimaginÃ³ la IA de @BancoPichincha.

#LIGANacional 1x2
#NocheBlancaAlMedioDÃ­aLDU https://t.co/zyJo2yT9aK","El remate de Danny Luna, se desvÃ­a en la mano del arquero rival y golpea en el travesaÃ±o. AsÃ­ lo reimaginÃ³ la IA de @BancoPichincha.

#LIGANacional 1x2
#NocheBlancaAlMedioDÃ­aLDU https://t.co/zyJo2yT9aK",FALSE,,"<a href=""http://twitter.com/download/android"" rel=""nofollow"">Twitter for Android</a>",NA,NA,NA,NA,NA,,,,NA,FALSE,4,49,FALSE,NA,FALSE,NA,es,FALSE,NA,177,NA,,NA,NA,,NA,NA,NA,NA,NA,NA,NA,NA,NA,NA
LDU_Oficial,2023-01-29T19:57:51Z,1.61979E+18,1.61979E+18,"63' | Gol de El Nacional. 
#NocheBlancaAlMedioDiaLDU 
#LIGANacional 1x2","63' | Gol de El Nacional. 
#NocheBlancaAlMedioDiaLDU 
#LIGANacional 1x2",FALSE,,"<a href=""http://twitter.com/download/iphone"" rel=""nofollow"">Twitter for iPhone</a>",NA,NA,NA,NA,NA,,,,NA,FALSE,8,107,FALSE,NA,FALSE,NA,es,NA,NA,71,NA,,NA,NA,,NA,NA,NA,NA,NA,NA,NA,NA,NA,NA
LDU_Oficial,2023-01-29T19:57:43Z,1.62E+18,1.61979E+18,"Â¡Y despuÃ©s de un aÃ±o, GABBA ESTÃ DE VUELTA!

#LIGANacional #nocheblancaalmediodialdu https://t.co/YPZCcJc2AY","Â¡Y despuÃ©s de un aÃ±o, GABBA ESTÃ DE VUELTA!

#LIGANacional #nocheblancaalmediodialdu https://t.co/YPZCcJc2AY",FALSE,,"<a href=""http://twitter.com/download/android"" rel=""nofollow"">Twitter for Android</a>",NA,NA,NA,NA,NA,,,,NA,FALSE,17,216,FALSE,NA,FALSE,NA,es,FALSE,NA,84,NA,,NA,NA,,NA,NA,NA,NA,NA,NA,NA,NA,NA,NA
LDU_Oficial,2023-01-29T19:57:36Z,1.61979E+18,1.61979E+18,"El gran ""Dida"" DomÃ­nguez reimaginado por la IA de @BancoPichincha.

#LIGANacional
#NocheBlancaAlMedioDÃ­aLDU https://t.co/2XLlad9eyM","El gran ""Dida"" DomÃ­nguez reimaginado por la IA de @BancoPichincha.

#LIGANacional
#NocheBlancaAlMedioDÃ­aLDU https://t.co/2XLlad9eyM",FALSE,,"<a href=""http://twitter.com/download/android"" rel=""nofollow"">Twitter for Android</a>",NA,NA,NA,NA,NA,,,,NA,FALSE,7,88,FALSE,NA,FALSE,NA,es,FALSE,NA,107,NA,,NA,NA,,NA,NA,NA,NA,NA,NA,NA,NA,NA,NA
LDU_Oficial,2023-01-29T19:56:14Z,1.62E+18,1.61979E+18,"59' | Cambios en LIGA
Nuevo 11:
Gabbarini
Romero
R. Mina
J. Mina
QuiÃ±Ã³nez
S. Angulo 
Arce
Ibarra
Luna
Anangono 
Chala

#NocheBlancaAlMedioDiaLDU 
#LIGANacional https://t.co/BrtyKO1mGV","59' | Cambios en LIGA
Nuevo 11:
Gabbarini
Romero
R. Mina
J. Mina
QuiÃ±Ã³nez
S. Angulo 
Arce
Ibarra
Luna
Anangono 
Chala

#NocheBlancaAlMedioDiaLDU 
#LIGANacional https://t.co/BrtyKO1mGV",FALSE,,"<a href=""http://twitter.com/download/iphone"" rel=""nofollow"">Twitter for iPhone</a>",NA,NA,NA,NA,NA,,,,NA,FALSE,3,29,FALSE,NA,FALSE,NA,es,FALSE,NA,159,NA,,NA,NA,,NA,NA,NA,NA,NA,NA,NA,NA,NA,NA
LDU_Oficial,2023-01-29T19:49:56Z,1.61978E+18,1.61978E+18,"57' | Gol de El Nacional.

#NocheBlancaAlMedioDiaLDU 
#LIGANacional 1x1","57' | Gol de El Nacional.

#NocheBlancaAlMedioDiaLDU 
#LIGANacional 1x1",FALSE,,"<a href=""http://twitter.com/download/iphone"" rel=""nofollow"">Twitter for iPhone</a>",NA,NA,NA,NA,NA,,,,NA,FALSE,2,23,FALSE,NA,FALSE,NA,es,NA,NA,71,NA,,NA,NA,,NA,NA,NA,NA,NA,NA,NA,NA,NA,NA
LDU_Oficial,2023-01-29T19:48:11Z,1.61978E+18,1.61978E+18,"52' | Â¡Golazooo de Jhojan Julio!
La celebraciÃ³n reimaginada por la IA gracias a @BancoPichincha 

#NocheBlancaAlMedioDiaLDU 
#LIGANacional 1x0 https://t.co/NqemgMaMgo","52' | Â¡Golazooo de Jhojan Julio!
La celebraciÃ³n reimaginada por la IA gracias a @BancoPichincha 

#NocheBlancaAlMedioDiaLDU 
#LIGANacional 1x0 https://t.co/NqemgMaMgo",FALSE,,"<a href=""http://twitter.com/download/iphone"" rel=""nofollow"">Twitter for iPhone</a>",NA,NA,NA,NA,NA,,,,NA,FALSE,6,71,FALSE,NA,FALSE,NA,es,FALSE,NA,142,NA,,NA,NA,,NA,NA,NA,NA,NA,NA,NA,NA,NA,NA
LDU_Oficial,2023-01-29T19:47:02Z,1.61978E+18,1.61978E+18,"El reinicio del partido reimaginado por la IA de @BancoPichincha.

#LIGANacional
#NocheBlancaAlMedioDiaLDU https://t.co/14KqTgWMPk","El reinicio del partido reimaginado por la IA de @BancoPichincha.

#LIGANacional
#NocheBlancaAlMedioDiaLDU https://t.co/14KqTgWMPk",FALSE,,"<a href=""http://twitter.com/download/android"" rel=""nofollow"">Twitter for Android</a>",NA,NA,NA,NA,NA,,,,NA,FALSE,6,50,FALSE,NA,FALSE,NA,es,FALSE,NA,106,NA,,NA,NA,,NA,NA,NA,NA,NA,NA,NA,NA,NA,NA
LDU_Oficial,2023-01-29T19:43:39Z,1.61978E+18,1.61978E+18,"52' | Â¡Jhojaaaaaan Julioooooo Carajo!

#NocheBlancaAlMedioDiaLDU 
#LIGANacional 1x0 https://t.co/YaRbdCoFIc","52' | Â¡Jhojaaaaaan Julioooooo Carajo!

#NocheBlancaAlMedioDiaLDU 
#LIGANacional 1x0 https://t.co/YaRbdCoFIc",FALSE,,"<a href=""http://twitter.com/download/iphone"" rel=""nofollow"">Twitter for iPhone</a>",NA,NA,NA,NA,NA,,,,NA,FALSE,12,86,FALSE,NA,FALSE,NA,pt,FALSE,NA,83,NA,,NA,NA,,NA,NA,NA,NA,NA,NA,NA,NA,NA,NA
LDU_Oficial,2023-01-29T19:41:05Z,1.62E+18,1.61978E+18,"ğŸ” Primer cambio en LIGA 

â¬…ï¸ Entra: #13. Daykol Romero
â¡ï¸ Sale: #14. JosÃ© Quintero
ğŸ†š #LIGANacional

#NocheBlancaAlMedioDÃ­aLDU https://t.co/fd2D5SPTco","ğŸ” Primer cambio en LIGA 

â¬…ï¸ Entra: #13. Daykol Romero
â¡ï¸ Sale: #14. JosÃ© Quintero
ğŸ†š #LIGANacional

#NocheBlancaAlMedioDÃ­aLDU https://t.co/fd2D5SPTco",FALSE,,"<a href=""http://twitter.com/download/android"" rel=""nofollow"">Twitter for Android</a>",NA,NA,NA,NA,NA,,,,NA,FALSE,4,20,FALSE,NA,FALSE,NA,es,FALSE,NA,125,NA,,NA,NA,,NA,NA,NA,NA,NA,NA,NA,NA,NA,NA
LDU_Oficial,2023-01-29T19:35:28Z,1.61978E+18,1.61978E+18,"Â¡Arranca el tiempo complementario!

#NocheBlancaAlMedioDiaLDU 
#LIGANacional 0x0 https://t.co/KeiSjbrdO0","Â¡Arranca el tiempo complementario!

#NocheBlancaAlMedioDiaLDU 
#LIGANacional 0x0 https://t.co/KeiSjbrdO0",FALSE,,"<a href=""http://twitter.com/download/iphone"" rel=""nofollow"">Twitter for iPhone</a>",NA,NA,NA,NA,NA,,,,NA,FALSE,6,59,FALSE,NA,FALSE,NA,es,FALSE,NA,80,NA,,NA,NA,,NA,NA,NA,NA,NA,NA,NA,NA,NA,NA
LDU_Oficial,2023-01-29T19:15:04Z,1.61978E+18,1.61978E+18,"42' Tiro libre de Lisandro Alzugaray que se va por encima del arco. 
AsÃ­ imaginÃ³ la jugada la IA de @BancoPichincha.

#LIGANacional 0x0
#NocheBlancaAlMedioDÃ­aLDU https://t.co/LtnDgQjlBX","42' Tiro libre de Lisandro Alzugaray que se va por encima del arco. 
AsÃ­ imaginÃ³ la jugada la IA de @BancoPichincha.

#LIGANacional 0x0
#NocheBlancaAlMedioDÃ­aLDU https://t.co/LtnDgQjlBX",FALSE,,"<a href=""http://twitter.com/download/android"" rel=""nofollow"">Twitter for Android</a>",NA,NA,NA,NA,NA,,,,NA,FALSE,7,52,FALSE,NA,FALSE,NA,es,FALSE,NA,161,NA,,NA,NA,,NA,NA,NA,NA,NA,NA,NA,NA,NA,NA
LDU_Oficial,2023-01-29T19:13:43Z,1.61978E+18,1.61978E+18,"ğŸ”œ Al descanso con el marcador empatado. 

ğŸ†š #LIGAElNacional 0x0

#NocheBlancaAlMedioDÃ­a https://t.co/aw9w1teRvf","ğŸ”œ Al descanso con el marcador empatado. 

ğŸ†š #LIGAElNacional 0x0

#NocheBlancaAlMedioDÃ­a https://t.co/aw9w1teRvf",FALSE,,"<a href=""http://twitter.com/download/iphone"" rel=""nofollow"">Twitter for iPhone</a>",NA,NA,NA,NA,NA,,,,NA,FALSE,9,110,FALSE,NA,FALSE,NA,es,FALSE,NA,87,NA,,NA,NA,,NA,NA,NA,NA,NA,NA,NA,NA,NA,NA
LDU_Oficial,2023-01-29T19:11:30Z,1.61978E+18,1.61978E+18,"El aliento de la hinchada alba reimaginado por la IA de @BancoPichincha. Â¡Yo te darÃ© ğŸ¶!

#LIGANacional 0x0
#NocheBlancaAlMedioDiaLDU https://t.co/upki7Bbd4m","El aliento de la hinchada alba reimaginado por la IA de @BancoPichincha. Â¡Yo te darÃ© ğŸ¶!

#LIGANacional 0x0
#NocheBlancaAlMedioDiaLDU https://t.co/upki7Bbd4m",FALSE,,"<a href=""http://twitter.com/download/android"" rel=""nofollow"">Twitter for Android</a>",NA,NA,NA,NA,NA,,,,NA,FALSE,7,89,FALSE,NA,FALSE,NA,es,FALSE,NA,132,NA,,NA,NA,,NA,NA,NA,NA,NA,NA,NA,NA,NA,NA
LDU_Oficial,2023-01-29T19:09:30Z,1.61977E+18,1.61977E+18,"37' | Ricardo AdÃ© estuvo cerca con juego aÃ©reo, jugada reimaginada por IA gracias a @BancoPichincha 

#LIGANacional 0-0
#NocheBlancaAlMedioDÃ­a https://t.co/hf6i2xNdNT","37' | Ricardo AdÃ© estuvo cerca con juego aÃ©reo, jugada reimaginada por IA gracias a @BancoPichincha 

#LIGANacional 0-0
#NocheBlancaAlMedioDÃ­a https://t.co/hf6i2xNdNT",FALSE,,"<a href=""http://twitter.com/download/iphone"" rel=""nofollow"">Twitter for iPhone</a>",NA,NA,NA,NA,NA,,,,NA,FALSE,8,71,FALSE,NA,FALSE,NA,es,FALSE,NA,142,NA,,NA,NA,,NA,NA,NA,NA,NA,NA,NA,NA,NA,NA
LDU_Oficial,2023-01-29T19:02:56Z,1.61977E+18,1.61977E+18,"Por tu gente ğŸ¶âšªï¸ğŸ”´

#NocheBlancaAlMedioDÃ­a
#LIGANacional https://t.co/xHEwbLbk6x","Por tu gente ğŸ¶âšªï¸ğŸ”´

#NocheBlancaAlMedioDÃ­a
#LIGANacional https://t.co/xHEwbLbk6x",FALSE,,"<a href=""http://twitter.com/download/iphone"" rel=""nofollow"">Twitter for iPhone</a>",NA,NA,NA,NA,NA,,,,NA,FALSE,10,87,FALSE,NA,FALSE,NA,es,FALSE,NA,55,NA,,NA,NA,,NA,NA,NA,NA,NA,NA,NA,NA,NA,NA
LDU_Oficial,2023-01-29T19:01:08Z,1.61977E+18,1.61977E+18,"29' Ataque del cuadro visitante pero la defensa alba luce sÃ³lida y la jugada pierde peligro. AsÃ­ lo reimaginÃ³ la IA de @BancoPichincha.

#LIGANacional 0x0
#NocheBlancaAlMedioDÃ­aLDU https://t.co/hc28otuXJs","29' Ataque del cuadro visitante pero la defensa alba luce sÃ³lida y la jugada pierde peligro. AsÃ­ lo reimaginÃ³ la IA de @BancoPichincha.

#LIGANacional 0x0
#NocheBlancaAlMedioDÃ­aLDU https://t.co/hc28otuXJs",FALSE,,"<a href=""http://twitter.com/download/android"" rel=""nofollow"">Twitter for Android</a>",NA,NA,NA,NA,NA,,,,NA,FALSE,5,56,FALSE,NA,FALSE,NA,es,FALSE,NA,180,NA,,NA,NA,,NA,NA,NA,NA,NA,NA,NA,NA,NA,NA
LDU_Oficial,2023-01-29T18:56:46Z,1.61977E+18,1.61977E+18,"24' | Alvarado cerca de abrir el marcador, jugada reimaginada por la IA de @BancoPichincha 

#LIGANacional 0-0
#NocheBlancaAlMedioDÃ­a https://t.co/J95KeqQH0p","24' | Alvarado cerca de abrir el marcador, jugada reimaginada por la IA de @BancoPichincha 

#LIGANacional 0-0
#NocheBlancaAlMedioDÃ­a https://t.co/J95KeqQH0p",FALSE,,"<a href=""http://twitter.com/download/iphone"" rel=""nofollow"">Twitter for iPhone</a>",NA,NA,NA,NA,NA,,,,NA,FALSE,9,48,FALSE,NA,FALSE,NA,es,FALSE,NA,133,NA,,NA,NA,,NA,NA,NA,NA,NA,NA,NA,NA,NA,NA
LDU_Oficial,2023-01-29T18:56:11Z,1.61977E+18,1.61977E+18,"28' | Primer amonestado del partido  06.Facundo RodrÃ­guez

#LIGANacional 
#NocheBlancaAlMedioDÃ­a https://t.co/EK0CektxOd","28' | Primer amonestado del partido  06.Facundo RodrÃ­guez

#LIGANacional 
#NocheBlancaAlMedioDÃ­a https://t.co/EK0CektxOd",FALSE,,"<a href=""http://twitter.com/download/iphone"" rel=""nofollow"">Twitter for iPhone</a>",NA,NA,NA,NA,NA,,,,NA,FALSE,3,21,FALSE,NA,FALSE,NA,es,FALSE,NA,96,NA,,NA,NA,,NA,NA,NA,NA,NA,NA,NA,NA,NA,NA
LDU_Oficial,2023-01-29T18:55:41Z,1.62E+18,1.61977E+18,"21' LIGA sigue atacando, Ãngel GonzÃ¡lez se la pasÃ³ al Tin Angulo pero le faltÃ³ direcciÃ³n al remate.

Imagen generada por la IA de @BancoPichincha.

#LIGANacional 0x0
#NocheBlancaAlMedioDÃ­aLDU https://t.co/mCM6SKA2xh","21' LIGA sigue atacando, Ãngel GonzÃ¡lez se la pasÃ³ al Tin Angulo pero le faltÃ³ direcciÃ³n al remate.

Imagen generada por la IA de @BancoPichincha.

#LIGANacional 0x0
#NocheBlancaAlMedioDÃ­aLDU https://t.co/mCM6SKA2xh",FALSE,,"<a href=""http://twitter.com/download/android"" rel=""nofollow"">Twitter for Android</a>",NA,NA,NA,NA,NA,,,,NA,FALSE,7,40,FALSE,NA,FALSE,NA,es,FALSE,NA,191,NA,,NA,NA,,NA,NA,NA,NA,NA,NA,NA,NA,NA,NA
LDU_Oficial,2023-01-29T18:55:07Z,1.61977E+18,1.61977E+18,"El mejor equipo, la mejor hinchada â¤ï¸ğŸ¤

#NocheBlancaAlMedioDÃ­a https://t.co/dRrABzQ4PK","El mejor equipo, la mejor hinchada â¤ï¸ğŸ¤

#NocheBlancaAlMedioDÃ­a https://t.co/dRrABzQ4PK",FALSE,,"<a href=""http://twitter.com/download/android"" rel=""nofollow"">Twitter for Android</a>",NA,NA,NA,NA,NA,,,,NA,FALSE,32,307,FALSE,NA,FALSE,NA,es,FALSE,NA,62,NA,,NA,NA,,NA,NA,NA,NA,NA,NA,NA,NA,NA,NA
LDU_Oficial,2023-01-29T18:49:28Z,1.62E+18,1.61977E+18,"Â¡QuÃ© elegancia! ğŸ¤

#LIGANacional #NocheBlancaAlMedioDiaLDU https://t.co/YcEv15gDhe","Â¡QuÃ© elegancia! ğŸ¤

#LIGANacional #NocheBlancaAlMedioDiaLDU https://t.co/YcEv15gDhe",FALSE,,"<a href=""http://twitter.com/download/android"" rel=""nofollow"">Twitter for Android</a>",NA,NA,NA,NA,NA,,,,NA,FALSE,11,112,FALSE,NA,FALSE,NA,es,FALSE,NA,58,NA,,NA,NA,,NA,NA,NA,NA,NA,NA,NA,NA,NA,NA
LDU_Oficial,2023-01-29T18:48:44Z,1.61977E+18,1.61977E+18,"16' | El remate de Angulo se fue desviado, jugada del partido reimaginada por la inteligencia artificial de @BancoPichincha 

#LIGANacional
#NocheBlancaAlMedioDÃ­a https://t.co/kGDIsgY71b","16' | El remate de Angulo se fue desviado, jugada del partido reimaginada por la inteligencia artificial de @BancoPichincha 

#LIGANacional
#NocheBlancaAlMedioDÃ­a https://t.co/kGDIsgY71b",FALSE,,"<a href=""http://twitter.com/download/iphone"" rel=""nofollow"">Twitter for iPhone</a>",NA,NA,NA,NA,NA,,,,NA,FALSE,9,58,FALSE,NA,FALSE,NA,es,FALSE,NA,162,NA,,NA,NA,,NA,NA,NA,NA,NA,NA,NA,NA,NA,NA
LDU_Oficial,2023-01-29T18:42:58Z,1.61977E+18,1.61977E+18,"âœŒï¸ ğŸ”Ÿ ğŸ‘Œ

#LIGANacional #NocheBlancaAlMedioDÃ­aLDU https://t.co/XVZz1jVrBe","âœŒï¸ ğŸ”Ÿ ğŸ‘Œ

#LIGANacional #NocheBlancaAlMedioDÃ­aLDU https://t.co/XVZz1jVrBe",FALSE,,"<a href=""http://twitter.com/download/android"" rel=""nofollow"">Twitter for Android</a>",NA,NA,NA,NA,NA,,,,NA,FALSE,8,161,FALSE,NA,FALSE,NA,und,FALSE,NA,47,NA,,NA,NA,,NA,NA,NA,NA,NA,NA,NA,NA,NA,NA
LDU_Oficial,2023-01-29T18:34:20Z,1.62E+18,1.61977E+18,"02' | La primera imagen del partido reimaginada por la inteligencia artificial de @BancoPichincha 
Tiro libre a favor de Liga.
#LIGANacional
#NocheBlancaAlMedioDÃ­a https://t.co/RyDqsayhh0","02' | La primera imagen del partido reimaginada por la inteligencia artificial de @BancoPichincha 
Tiro libre a favor de Liga.
#LIGANacional
#NocheBlancaAlMedioDÃ­a https://t.co/RyDqsayhh0",FALSE,,"<a href=""http://twitter.com/download/iphone"" rel=""nofollow"">Twitter for iPhone</a>",NA,NA,NA,NA,NA,,,,NA,FALSE,9,105,FALSE,NA,FALSE,NA,es,FALSE,NA,163,NA,,NA,NA,,NA,NA,NA,NA,NA,NA,NA,NA,NA,NA
LDU_Oficial,2023-01-29T18:29:03Z,1.62E+18,1.61976E+18,"La #NocheBlancaAlMedioDÃ­aLDU serÃ¡ imaginada por la inteligencia artificial gracias a @BancoPichincha 

Â¡ArrancÃ³ el partido!
#LIGANacional https://t.co/2ueorJ0fdf","La #NocheBlancaAlMedioDÃ­aLDU serÃ¡ imaginada por la inteligencia artificial gracias a @BancoPichincha 

Â¡ArrancÃ³ el partido!
#LIGANacional https://t.co/2ueorJ0fdf",FALSE,,"<a href=""http://twitter.com/download/iphone"" rel=""nofollow"">Twitter for iPhone</a>",NA,NA,NA,NA,NA,,,,NA,FALSE,12,97,FALSE,NA,FALSE,NA,es,FALSE,NA,137,NA,,NA,NA,,NA,NA,NA,NA,NA,NA,NA,NA,NA,NA
LDU_Oficial,2023-01-29T18:26:10Z,1.62E+18,1.61976E+18,"Arranca el clÃ¡sico.
#LIGANacional https://t.co/nSDRcyIzVF","Arranca el clÃ¡sico.
#LIGANacional https://t.co/nSDRcyIzVF",FALSE,,"<a href=""http://twitter.com/download/iphone"" rel=""nofollow"">Twitter for iPhone</a>",NA,NA,NA,NA,NA,,,,NA,FALSE,4,48,FALSE,NA,FALSE,NA,es,FALSE,NA,33,NA,,NA,NA,,NA,NA,NA,NA,NA,NA,NA,NA,NA,NA
LDU_Oficial,2023-01-29T18:22:14Z,1.61976E+18,1.61976E+18,"ğŸ¤L I G A 2ï¸âƒ£0ï¸âƒ£2ï¸âƒ£3ï¸âƒ£

#NocheBlancaAlMedioDÃ­aLDU https://t.co/uy7M5ihppU","ğŸ¤L I G A 2ï¸âƒ£0ï¸âƒ£2ï¸âƒ£3ï¸âƒ£

#NocheBlancaAlMedioDÃ­aLDU https://t.co/uy7M5ihppU",FALSE,,"<a href=""http://twitter.com/download/android"" rel=""nofollow"">Twitter for Android</a>",NA,NA,NA,NA,NA,,,,NA,FALSE,28,231,FALSE,NA,FALSE,NA,und,FALSE,NA,48,NA,,NA,NA,,NA,NA,NA,NA,NA,NA,NA,NA,NA,NA
LDU_Oficial,2023-01-29T18:22:14Z,1.61976E+18,1.61976E+18,"Calentamiento ğŸ“¸ğŸ§¤
#NocheBlancaAlMedioDÃ­a
#LIGANacional https://t.co/G7BckcVhs2","Calentamiento ğŸ“¸ğŸ§¤
#NocheBlancaAlMedioDÃ­a
#LIGANacional https://t.co/G7BckcVhs2",FALSE,,"<a href=""http://twitter.com/download/iphone"" rel=""nofollow"">Twitter for iPhone</a>",NA,NA,NA,NA,NA,,,,NA,FALSE,7,68,FALSE,NA,FALSE,NA,es,FALSE,NA,53,NA,,NA,NA,,NA,NA,NA,NA,NA,NA,NA,NA,NA,NA
LDU_Oficial,2023-01-29T18:09:51Z,1.61976E+18,1.61976E+18,"Y empezar el 2023 bien ** con LIGA yâ€¦ğŸ¶ğŸ˜âšªï¸ğŸ”´
#NocheBlancaAlMedioDÃ­aLDU https://t.co/AQ2BIHyC6F","Y empezar el 2023 bien ** con LIGA yâ€¦ğŸ¶ğŸ˜âšªï¸ğŸ”´
#NocheBlancaAlMedioDÃ­aLDU https://t.co/AQ2BIHyC6F",FALSE,,"<a href=""http://twitter.com/download/iphone"" rel=""nofollow"">Twitter for iPhone</a>",NA,NA,NA,NA,NA,,,,NA,FALSE,43,317,FALSE,NA,FALSE,NA,es,FALSE,NA,68,NA,,NA,NA,,NA,NA,NA,NA,NA,NA,NA,NA,NA,NA
LDU_Oficial,2023-01-29T17:59:01Z,1.61976E+18,1.61976E+18,"Se ve, se ve, se ve y no se toca ğŸ†ğŸ«¢
#NocheBlancaAlMedioDÃ­aLDU https://t.co/wz14qjqg7G","Se ve, se ve, se ve y no se toca ğŸ†ğŸ«¢
#NocheBlancaAlMedioDÃ­aLDU https://t.co/wz14qjqg7G",FALSE,,"<a href=""http://twitter.com/download/iphone"" rel=""nofollow"">Twitter for iPhone</a>",NA,NA,NA,NA,NA,,,,NA,FALSE,139,817,FALSE,NA,FALSE,NA,es,FALSE,NA,61,NA,,NA,NA,,NA,NA,NA,NA,NA,NA,NA,NA,NA,NA
LDU_Oficial,2023-01-29T17:53:53Z,1.61976E+18,1.61976E+18,"ğŸ˜ŒÂ¡Se viene el plato fuerte del dÃ­a!
ğŸ“‹ #AlineaciÃ³nLDU
ğŸ†š LIGANacional

#NocheBlancaAlMedioDÃ­aLDU https://t.co/bs5aglZThD","ğŸ˜ŒÂ¡Se viene el plato fuerte del dÃ­a!
ğŸ“‹ #AlineaciÃ³nLDU
ğŸ†š LIGANacional

#NocheBlancaAlMedioDÃ­aLDU https://t.co/bs5aglZThD",FALSE,,"<a href=""http://twitter.com/download/android"" rel=""nofollow"">Twitter for Android</a>",NA,NA,NA,NA,NA,,,,NA,FALSE,14,127,FALSE,NA,FALSE,NA,es,FALSE,NA,94,NA,,NA,NA,,NA,NA,NA,NA,NA,NA,NA,NA,NA,NA
LDU_Oficial,2023-01-29T17:31:24Z,1.61975E+18,1.61975E+18,"Domingo en familia ğŸ¡ğŸŸï¸ğŸ¤

#NocheBlancaAlMedioDÃ­aLDU https://t.co/gwLQyVDWFm","Domingo en familia ğŸ¡ğŸŸï¸ğŸ¤

#NocheBlancaAlMedioDÃ­aLDU https://t.co/gwLQyVDWFm",FALSE,,"<a href=""http://twitter.com/download/android"" rel=""nofollow"">Twitter for Android</a>",NA,NA,NA,NA,NA,,,,NA,FALSE,62,559,FALSE,NA,FALSE,NA,es,FALSE,NA,50,NA,,NA,NA,,NA,NA,NA,NA,NA,NA,NA,NA,NA,NA
LDU_Oficial,2023-01-29T17:23:46Z,1.62E+18,1.61975E+18,"ğŸ¶ğŸ’ƒ MÃ­a TerÃ¡n,  RAMDA y FREVO (Academia de Baile) prendieron la fiesta en #ElMejorLugarDelMundoğŸ•ºğŸµ

#NocheBlancaAlMedioDÃ­aLDU https://t.co/HSO9w89uTq","ğŸ¶ğŸ’ƒ MÃ­a TerÃ¡n,  RAMDA y FREVO (Academia de Baile) prendieron la fiesta en #ElMejorLugarDelMundoğŸ•ºğŸµ

#NocheBlancaAlMedioDÃ­aLDU https://t.co/HSO9w89uTq",FALSE,,"<a href=""http://twitter.com/download/android"" rel=""nofollow"">Twitter for Android</a>",NA,NA,NA,NA,NA,,,,NA,FALSE,10,111,FALSE,NA,FALSE,NA,es,FALSE,NA,123,NA,,NA,NA,,NA,NA,NA,NA,NA,NA,NA,NA,NA,NA
LDU_Oficial,2023-01-29T17:15:30Z,1.61975E+18,1.61975E+18,"#Momentazo Â¡AsÃ­ llegÃ³ nuestra nueva armadura! ğŸ¤¯

#NocheBlancaAlMedioDÃ­aLDU https://t.co/NxlIJ5gOrI","#Momentazo Â¡AsÃ­ llegÃ³ nuestra nueva armadura! ğŸ¤¯

#NocheBlancaAlMedioDÃ­aLDU https://t.co/NxlIJ5gOrI",FALSE,,"<a href=""http://twitter.com/download/android"" rel=""nofollow"">Twitter for Android</a>",NA,NA,NA,NA,NA,,,,NA,FALSE,22,262,FALSE,NA,FALSE,NA,es,FALSE,NA,74,NA,,NA,NA,,NA,NA,NA,NA,NA,NA,NA,NA,NA,NA
LDU_Oficial,2023-01-29T17:04:54Z,1.62E+18,1.61974E+18,"Â¡Uffff, LA PIEL DEL 2023! ğŸ˜
@PUMA_Ec

#NocheBlancaAlMedioDÃ­aLDU https://t.co/HChVOQ7zkW","Â¡Uffff, LA PIEL DEL 2023! ğŸ˜
@PUMA_Ec

#NocheBlancaAlMedioDÃ­aLDU https://t.co/HChVOQ7zkW",FALSE,,"<a href=""http://twitter.com/download/android"" rel=""nofollow"">Twitter for Android</a>",NA,NA,NA,NA,NA,,,,NA,FALSE,142,969,FALSE,NA,FALSE,NA,es,FALSE,NA,63,NA,,NA,NA,,NA,NA,NA,NA,NA,NA,NA,NA,NA,NA
LDU_Oficial,2023-01-29T16:52:37Z,1.61974E+18,1.61974E+18,"Desde el cielo llegÃ³ la armadura de LIGA ğŸ˜±ğŸ‘•

#NocheBlancaAlMedioDÃ­aLDU https://t.co/lKSYgdoeDH","Desde el cielo llegÃ³ la armadura de LIGA ğŸ˜±ğŸ‘•

#NocheBlancaAlMedioDÃ­aLDU https://t.co/lKSYgdoeDH",FALSE,,"<a href=""http://twitter.com/download/android"" rel=""nofollow"">Twitter for Android</a>",NA,NA,NA,NA,NA,,,,NA,FALSE,49,449,FALSE,NA,FALSE,NA,es,FALSE,NA,70,NA,,NA,NA,,NA,NA,NA,NA,NA,NA,NA,NA,NA,NA
LDU_Oficial,2023-01-29T16:43:06Z,1.61974E+18,1.61974E+18,"Un show por todo lo alto.ğŸ”ğŸ˜²

#NocheBlancaAlMedioDÃ­aLDU https://t.co/ll12amsXYT","Un show por todo lo alto.ğŸ”ğŸ˜²

#NocheBlancaAlMedioDÃ­aLDU https://t.co/ll12amsXYT",FALSE,,"<a href=""http://twitter.com/download/android"" rel=""nofollow"">Twitter for Android</a>",NA,NA,NA,NA,NA,,,,NA,FALSE,27,233,FALSE,NA,FALSE,NA,es,FALSE,NA,54,NA,,NA,NA,,NA,NA,NA,NA,NA,NA,NA,NA,NA,NA
LDU_Oficial,2023-01-29T16:35:10Z,1.62E+18,1.61974E+18,"ğŸ˜ @LDUesports  ğŸ¤™ğŸ®

#NocheBlancaAlMedioDÃ­aLDU https://t.co/134wnp7JV9","ğŸ˜ @LDUesports  ğŸ¤™ğŸ®

#NocheBlancaAlMedioDÃ­aLDU https://t.co/134wnp7JV9",FALSE,,"<a href=""http://twitter.com/download/android"" rel=""nofollow"">Twitter for Android</a>",NA,NA,NA,NA,NA,,,,NA,FALSE,10,126,FALSE,NA,FALSE,NA,und,FALSE,NA,44,NA,,NA,NA,,NA,NA,NA,NA,NA,NA,NA,NA,NA,NA
LDU_Oficial,2023-01-29T16:33:04Z,1.61974E+18,1.61974E+18,"ğŸ˜ @Formativas_LDU ğŸ‘‹

#NocheBlancaAlMedioDÃ­aLDU https://t.co/noHouwK7tZ","ğŸ˜ @Formativas_LDU ğŸ‘‹

#NocheBlancaAlMedioDÃ­aLDU https://t.co/noHouwK7tZ",FALSE,,"<a href=""http://twitter.com/download/android"" rel=""nofollow"">Twitter for Android</a>",NA,NA,NA,NA,NA,,,,NA,FALSE,9,100,FALSE,NA,FALSE,NA,und,FALSE,NA,46,NA,,NA,NA,,NA,NA,NA,NA,NA,NA,NA,NA,NA,NA
LDU_Oficial,2023-01-29T16:27:23Z,1.62E+18,1.61973E+18,"ğŸ˜Nuestras @GuerrerasLDU 

#NocheBlancaAlMedioDÃ­aLDU https://t.co/Wd410d0sWD","ğŸ˜Nuestras @GuerrerasLDU 

#NocheBlancaAlMedioDÃ­aLDU https://t.co/Wd410d0sWD",FALSE,,"<a href=""http://twitter.com/download/android"" rel=""nofollow"">Twitter for Android</a>",NA,NA,NA,NA,NA,,,,NA,FALSE,18,111,FALSE,NA,FALSE,NA,es,FALSE,NA,51,NA,,NA,NA,,NA,NA,NA,NA,NA,NA,NA,NA,NA,NA
LDU_Oficial,2023-01-29T15:58:45Z,1.62E+18,1.61973E+18,"ğŸ¤
ğŸ”œ #NocheBlancaAlMedioDiaLDU https://t.co/cViWU3de9c","ğŸ¤
ğŸ”œ #NocheBlancaAlMedioDiaLDU https://t.co/cViWU3de9c",FALSE,,"<a href=""http://twitter.com/download/android"" rel=""nofollow"">Twitter for Android</a>",NA,NA,NA,NA,NA,,,,NA,FALSE,8,138,FALSE,NA,FALSE,NA,und,FALSE,NA,29,NA,,NA,NA,,NA,NA,NA,NA,NA,NA,NA,NA,NA,NA
LDU_Oficial,2023-01-29T15:36:01Z,1.62E+18,1.61972E+18,"âœ… Listo #ElMejorLugarDelMundoğŸ˜

ğŸ”œ #NocheBlancaAlMedioDiaLDU https://t.co/XSXQWMVvLH","âœ… Listo #ElMejorLugarDelMundoğŸ˜

ğŸ”œ #NocheBlancaAlMedioDiaLDU https://t.co/XSXQWMVvLH",FALSE,,"<a href=""http://twitter.com/download/android"" rel=""nofollow"">Twitter for Android</a>",NA,NA,NA,NA,NA,,,,NA,FALSE,17,178,FALSE,NA,FALSE,NA,es,FALSE,NA,59,NA,,NA,NA,,NA,NA,NA,NA,NA,NA,NA,NA,NA,NA
LDU_Oficial,2023-01-29T15:32:14Z,1.61972E+18,1.61972E+18,"Buen dÃ­a alb@s â˜€ï¸
ğŸ”œ #NocheBlancaAlMedioDiaLDU https://t.co/PxNwZzx1zQ","Buen dÃ­a alb@s â˜€ï¸
ğŸ”œ #NocheBlancaAlMedioDiaLDU https://t.co/PxNwZzx1zQ",FALSE,,"<a href=""http://twitter.com/download/android"" rel=""nofollow"">Twitter for Android</a>",NA,NA,NA,NA,NA,,,,NA,FALSE,9,221,FALSE,NA,FALSE,NA,es,FALSE,NA,45,NA,,NA,NA,,NA,NA,NA,NA,NA,NA,NA,NA,NA,NA
LDU_Oficial,2023-01-29T15:11:58Z,1.61971E+18,1.61971E+18,"Â¡El partido #LIGANacional es parte de la @SeriePacifico ğŸ‡ªğŸ‡¨!

Â¡Vive la #NocheBlancaAlMedioDiaLDU por @StarPlusLA! https://t.co/wBVQOEXXNl","Â¡El partido #LIGANacional es parte de la @SeriePacifico ğŸ‡ªğŸ‡¨!

Â¡Vive la #NocheBlancaAlMedioDiaLDU por @StarPlusLA! https://t.co/wBVQOEXXNl",FALSE,,"<a href=""http://twitter.com/download/android"" rel=""nofollow"">Twitter for Android</a>",NA,NA,NA,NA,NA,,,,NA,TRUE,5,71,FALSE,NA,FALSE,NA,es,FALSE,NA,112,NA,,1.62E+18,1.61967E+18,,NA,NA,NA,NA,NA,NA,NA,NA,NA,NA
LDU_Oficial,2023-01-29T13:00:31Z,1.61968E+18,1.61968E+18,"ğŸŒ Â¡Es Hoy! Â¡Es Hoy! ğŸ‘€

#NocheBlancaAlMedioDÃ­aLDU https://t.co/CvBC2Z74Aa","ğŸŒ Â¡Es Hoy! Â¡Es Hoy! ğŸ‘€

#NocheBlancaAlMedioDÃ­aLDU https://t.co/CvBC2Z74Aa",FALSE,,"<a href=""https://about.twitter.com/products/tweetdeck"" rel=""nofollow"">TweetDeck</a>",NA,NA,NA,NA,NA,,,,NA,FALSE,52,531,FALSE,NA,FALSE,NA,es,FALSE,NA,48,NA,,NA,NA,,NA,NA,NA,NA,NA,NA,NA,NA,NA,NA
LDU_Oficial,2023-01-29T02:02:07Z,1.61952E+18,1.61952E+18,"ğŸš¨#VentaDeEntradas

âš½ #NocheBlancaAlMedioDÃ­aLDU

ğŸ« Venta en boleterÃ­a #EstadioRodrigoPaz: A partir de las 8h00.

ğŸ›’ Venta en lÃ­nea: https://t.co/krzLJLdJga https://t.co/7jyjgSZfQK","ğŸš¨#VentaDeEntradas

âš½ #NocheBlancaAlMedioDÃ­aLDU

ğŸ« Venta en boleterÃ­a #EstadioRodrigoPaz: A partir de las 8h00.

ğŸ›’ Venta en lÃ­nea: https://t.co/krzLJLdJga https://t.co/7jyjgSZfQK",FALSE,,"<a href=""https://about.twitter.com/products/tweetdeck"" rel=""nofollow"">TweetDeck</a>",NA,NA,NA,NA,NA,,,,NA,FALSE,15,116,FALSE,NA,FALSE,NA,es,FALSE,NA,153,NA,,NA,NA,,NA,NA,NA,NA,NA,NA,NA,NA,NA,NA
LDU_Oficial,2023-01-29T01:30:30Z,1.61951E+18,1.61951E+18,"âš½ Â¡Final definida!

LIGA enfrentarÃ¡ a Aucas con sus equipos de Glorias en un apasionante partido despuÃ©s del #LIGANacional de la #NocheBlancaAlMedioDÃ­aLDU.

ğŸ‘€ Â¡Vuelve a ver jugar a las #GloriasDeLIGA! https://t.co/SwD9EpoYAy","âš½ Â¡Final definida!

LIGA enfrentarÃ¡ a Aucas con sus equipos de Glorias en un apasionante partido despuÃ©s del #LIGANacional de la #NocheBlancaAlMedioDÃ­aLDU.

ğŸ‘€ Â¡Vuelve a ver jugar a las #GloriasDeLIGA! https://t.co/SwD9EpoYAy",FALSE,,"<a href=""https://about.twitter.com/products/tweetdeck"" rel=""nofollow"">TweetDeck</a>",NA,NA,NA,NA,NA,,,,NA,FALSE,16,134,FALSE,NA,FALSE,NA,es,FALSE,NA,200,NA,,NA,NA,,NA,NA,NA,NA,NA,NA,NA,NA,NA,NA
LDU_Oficial,2023-01-29T01:00:31Z,1.6195E+18,1.6195E+18,"Â¡MaÃ±ana! ğŸ™ŒğŸ™ŒğŸ™ŒğŸ™Œ

âš½ #NocheBlancaAlMedioDiaLDU 
ğŸ•š 11h00 https://t.co/UgHCViOTio","Â¡MaÃ±ana! ğŸ™ŒğŸ™ŒğŸ™ŒğŸ™Œ

âš½ #NocheBlancaAlMedioDiaLDU 
ğŸ•š 11h00 https://t.co/UgHCViOTio",FALSE,,"<a href=""https://about.twitter.com/products/tweetdeck"" rel=""nofollow"">TweetDeck</a>",NA,NA,NA,NA,NA,,,,NA,FALSE,27,347,FALSE,NA,FALSE,NA,es,FALSE,NA,51,NA,,NA,NA,,NA,NA,NA,NA,NA,NA,NA,NA,NA,NA
LDU_Oficial,2023-01-29T00:30:30Z,1.61949E+18,1.61949E+18,"ğŸ‘€ Â¡Primer nÃºmero de la ""Previa"" oficial del aÃ±o!

ğŸ“– Revista @vaportiliga #1ï¸âƒ£1ï¸âƒ£6ï¸âƒ£

ğŸ‘‰ https://t.co/JWjhelNNfi

#NocheBlancaAlMedioDÃ­aLDU https://t.co/t5LooslRgn","ğŸ‘€ Â¡Primer nÃºmero de la ""Previa"" oficial del aÃ±o!

ğŸ“– Revista @vaportiliga #1ï¸âƒ£1ï¸âƒ£6ï¸âƒ£

ğŸ‘‰ https://t.co/JWjhelNNfi

#NocheBlancaAlMedioDÃ­aLDU https://t.co/t5LooslRgn",FALSE,,"<a href=""https://about.twitter.com/products/tweetdeck"" rel=""nofollow"">TweetDeck</a>",NA,NA,NA,NA,NA,,,,NA,FALSE,19,106,FALSE,NA,FALSE,NA,es,FALSE,NA,137,NA,,NA,NA,,NA,NA,NA,NA,NA,NA,NA,NA,NA,NA
LDU_Oficial,2023-01-29T00:00:30Z,1.61949E+18,1.61949E+18,"ğŸ¥ Tomback âœ…
âš½#NocheBlancaAlMedioDÃ­aLDU 
ğŸ•š 11h00 https://t.co/kbyJMUizy9","ğŸ¥ Tomback âœ…
âš½#NocheBlancaAlMedioDÃ­aLDU 
ğŸ•š 11h00 https://t.co/kbyJMUizy9",FALSE,,"<a href=""https://about.twitter.com/products/tweetdeck"" rel=""nofollow"">TweetDeck</a>",NA,NA,NA,NA,NA,,,,NA,FALSE,11,151,FALSE,NA,FALSE,NA,en,FALSE,NA,47,NA,,NA,NA,,NA,NA,NA,NA,NA,NA,NA,NA,NA,NA
LDU_Oficial,2023-01-28T23:00:32Z,1.61947E+18,1.61947E+18,"ğŸ¤ Rafa Leroux âœ…
âš½#NocheBlancaAlMedioDÃ­aLDU 
ğŸ•š 11h00 https://t.co/KwzPlAnTMJ","ğŸ¤ Rafa Leroux âœ…
âš½#NocheBlancaAlMedioDÃ­aLDU 
ğŸ•š 11h00 https://t.co/KwzPlAnTMJ",FALSE,,"<a href=""https://about.twitter.com/products/tweetdeck"" rel=""nofollow"">TweetDeck</a>",NA,NA,NA,NA,NA,,,,NA,FALSE,7,67,FALSE,NA,FALSE,NA,in,FALSE,NA,51,NA,,NA,NA,,NA,NA,NA,NA,NA,NA,NA,NA,NA,NA
LDU_Oficial,2023-01-28T22:00:00Z,1.62E+18,1.61946E+18,"ğŸ¤ PowerLab âœ…
âš½#NocheBlancaAlMedioDÃ­aLDU 
ğŸ•š 11h00 https://t.co/QAKtRaAknw","ğŸ¤ PowerLab âœ…
âš½#NocheBlancaAlMedioDÃ­aLDU 
ğŸ•š 11h00 https://t.co/QAKtRaAknw",FALSE,,"<a href=""https://about.twitter.com/products/tweetdeck"" rel=""nofollow"">TweetDeck</a>",NA,NA,NA,NA,NA,,,,NA,FALSE,10,118,FALSE,NA,FALSE,NA,de,FALSE,NA,48,NA,,NA,NA,,NA,NA,NA,NA,NA,NA,NA,NA,NA,NA
LDU_Oficial,2023-01-28T21:00:00Z,1.61944E+18,1.61944E+18,"ğŸ•ºğŸ’ƒ FREVO âœ…
âš½#NocheBlancaAlMedioDÃ­aLDU 
ğŸ•š 11h00 https://t.co/I2aAhbIpEP","ğŸ•ºğŸ’ƒ FREVO âœ…
âš½#NocheBlancaAlMedioDÃ­aLDU 
ğŸ•š 11h00 https://t.co/I2aAhbIpEP",FALSE,,"<a href=""https://about.twitter.com/products/tweetdeck"" rel=""nofollow"">TweetDeck</a>",NA,NA,NA,NA,NA,,,,NA,FALSE,8,71,FALSE,NA,FALSE,NA,es,FALSE,NA,46,NA,,NA,NA,,NA,NA,NA,NA,NA,NA,NA,NA,NA,NA
LDU_Oficial,2023-01-28T20:00:30Z,1.61943E+18,1.61943E+18,"ğŸ¤ RAMDA âœ…
âš½#NocheBlancaAlMedioDÃ­aLDU 
ğŸ•š 11h00 https://t.co/BkoJBlJ7py","ğŸ¤ RAMDA âœ…
âš½#NocheBlancaAlMedioDÃ­aLDU 
ğŸ•š 11h00 https://t.co/BkoJBlJ7py",FALSE,,"<a href=""https://about.twitter.com/products/tweetdeck"" rel=""nofollow"">TweetDeck</a>",NA,NA,NA,NA,NA,,,,NA,FALSE,7,151,FALSE,NA,FALSE,NA,tr,FALSE,NA,45,NA,,NA,NA,,NA,NA,NA,NA,NA,NA,NA,NA,NA,NA
LDU_Oficial,2023-01-28T19:17:41Z,1.61941E+18,1.61941E+18,"ğŸ‘ Â¡Ya tenemos a los ganadores!

Ellos subieron su foto a la #LDUApp ğŸ“± y ganaron pases dobles para asistir a la #NocheBlancaAlMedioDiaLDU.

RecibirÃ¡n las entradas digitales a sus correos electrÃ³nicos. https://t.co/XcrsLdnxD0 https://t.co/SF3JYU3LW9","ğŸ‘ Â¡Ya tenemos a los ganadores!

Ellos subieron su foto a la #LDUApp ğŸ“± y ganaron pases dobles para asistir a la #NocheBlancaAlMedioDiaLDU.

RecibirÃ¡n las entradas digitales a sus correos electrÃ³nicos. https://t.co/XcrsLdnxD0 https://t.co/SF3JYU3LW9",FALSE,,"<a href=""https://mobile.twitter.com"" rel=""nofollow"">Twitter Web App</a>",NA,NA,NA,NA,NA,,,,NA,TRUE,6,63,FALSE,NA,FALSE,NA,es,FALSE,NA,223,NA,,1.62E+18,1.61909E+18,,NA,NA,NA,NA,NA,NA,NA,NA,NA,NA
LDU_Oficial,2023-01-28T19:00:30Z,1.61941E+18,1.61941E+18,"ğŸ¤ MÃ­a TerÃ¡n âœ…
âš½#NocheBlancaAlMedioDÃ­aLDU 
ğŸ•š 11h00 https://t.co/IJArOKWLde","ğŸ¤ MÃ­a TerÃ¡n âœ…
âš½#NocheBlancaAlMedioDÃ­aLDU 
ğŸ•š 11h00 https://t.co/IJArOKWLde",FALSE,,"<a href=""https://about.twitter.com/products/tweetdeck"" rel=""nofollow"">TweetDeck</a>",NA,NA,NA,NA,NA,,,,NA,FALSE,15,147,FALSE,NA,FALSE,NA,es,FALSE,NA,49,NA,,NA,NA,,NA,NA,NA,NA,NA,NA,NA,NA,NA,NA
LDU_Oficial,2023-01-28T18:00:30Z,1.6194E+18,1.6194E+18,"ğŸ¤¸â€â™€ï¸ Show Aereo: Verticalica âœ…
âš½#NocheBlancaAlMedioDÃ­aLDU 
ğŸ•š 11h00 https://t.co/31kR6LMKRb","ğŸ¤¸â€â™€ï¸ Show Aereo: Verticalica âœ…
âš½#NocheBlancaAlMedioDÃ­aLDU 
ğŸ•š 11h00 https://t.co/31kR6LMKRb",FALSE,,"<a href=""https://about.twitter.com/products/tweetdeck"" rel=""nofollow"">TweetDeck</a>",NA,NA,NA,NA,NA,,,,NA,FALSE,15,129,FALSE,NA,FALSE,NA,pt,FALSE,NA,66,NA,,NA,NA,,NA,NA,NA,NA,NA,NA,NA,NA,NA,NA
LDU_Oficial,2023-01-28T17:00:32Z,1.61938E+18,1.61938E+18,"ğŸ§ DJ David Arias âœ…
âš½#NocheBlancaAlMedioDÃ­aLDU 
ğŸ•š 11h00 https://t.co/P323LHuMW0","ğŸ§ DJ David Arias âœ…
âš½#NocheBlancaAlMedioDÃ­aLDU 
ğŸ•š 11h00 https://t.co/P323LHuMW0",FALSE,,"<a href=""https://about.twitter.com/products/tweetdeck"" rel=""nofollow"">TweetDeck</a>",NA,NA,NA,NA,NA,,,,NA,FALSE,8,140,FALSE,NA,FALSE,NA,en,FALSE,NA,54,NA,,NA,NA,,NA,NA,NA,NA,NA,NA,NA,NA,NA,NA
LDU_Oficial,2023-01-28T16:00:00Z,1.61936E+18,1.61936E+18,"Â¡Un horario clÃ¡sico para recibir el #ClÃ¡sico ğŸ™Œ!

âš½ #LIGANacional

#NocheBlancaAlMedioDÃ­aLDU https://t.co/aSp6UDMCEo","Â¡Un horario clÃ¡sico para recibir el #ClÃ¡sico ğŸ™Œ!

âš½ #LIGANacional

#NocheBlancaAlMedioDÃ­aLDU https://t.co/aSp6UDMCEo",FALSE,,"<a href=""https://about.twitter.com/products/tweetdeck"" rel=""nofollow"">TweetDeck</a>",NA,NA,NA,NA,NA,,,,NA,FALSE,25,263,FALSE,NA,FALSE,NA,es,FALSE,NA,91,NA,,NA,NA,,NA,NA,NA,NA,NA,NA,NA,NA,NA,NA
LDU_Oficial,2023-01-28T15:35:30Z,1.62E+18,1.61936E+18,"ğŸš¨#VentaDeEntradas

âš½ #NocheBlancaAlMedioDÃ­aLDU

ğŸ« Venta en boleterÃ­a #EstadioRodrigoPaz: de 12h00 a 17h00

ğŸ›’ Venta en lÃ­nea: https://t.co/krzLJLdJga https://t.co/vrm32pzB0K","ğŸš¨#VentaDeEntradas

âš½ #NocheBlancaAlMedioDÃ­aLDU

ğŸ« Venta en boleterÃ­a #EstadioRodrigoPaz: de 12h00 a 17h00

ğŸ›’ Venta en lÃ­nea: https://t.co/krzLJLdJga https://t.co/vrm32pzB0K",FALSE,,"<a href=""https://about.twitter.com/products/tweetdeck"" rel=""nofollow"">TweetDeck</a>",NA,NA,NA,NA,NA,,,,NA,FALSE,15,94,FALSE,NA,FALSE,NA,es,FALSE,NA,148,NA,,NA,NA,,NA,NA,NA,NA,NA,NA,NA,NA,NA,NA
LDU_Oficial,2023-01-28T15:00:03Z,1.62E+18,1.61935E+18,"âš½ #NocheBlancaAlMedioDiaLDU

ğŸ“† 29.01.2023
ğŸ•š 11h00
ğŸ›’ Entradas: https://t.co/krzLJLdJga
ğŸ“º TransmisiÃ³n exclusiva: @StarPlusLA para toda LATAM ğŸŒ.

#VamosLIGA âšªğŸ”´ https://t.co/9VQSu6ABsp","âš½ #NocheBlancaAlMedioDiaLDU

ğŸ“† 29.01.2023
ğŸ•š 11h00
ğŸ›’ Entradas: https://t.co/krzLJLdJga
ğŸ“º TransmisiÃ³n exclusiva: @StarPlusLA para toda LATAM ğŸŒ.

#VamosLIGA âšªğŸ”´ https://t.co/9VQSu6ABsp",FALSE,,"<a href=""https://ads.twitter.com"" rel=""nofollow"">Twitter Ads</a>",NA,NA,NA,NA,NA,,,,NA,FALSE,14,141,FALSE,NA,FALSE,NA,es,FALSE,NA,156,NA,,NA,NA,,NA,NA,NA,NA,NA,NA,NA,NA,NA,NA
LDU_Oficial,2023-01-28T14:00:25Z,1.62E+18,1.61933E+18,"Resumen de noticias 
https://t.co/AxVLXj8X2C https://t.co/jj6mqhEzOd","Resumen de noticias 
https://t.co/AxVLXj8X2C https://t.co/jj6mqhEzOd",FALSE,,"<a href=""https://www.constantcontact.com/"" rel=""nofollow"">Constant Contact - Social Posts</a>",NA,NA,NA,NA,NA,,,,NA,FALSE,5,55,FALSE,NA,FALSE,NA,es,FALSE,NA,44,NA,,NA,NA,,NA,NA,NA,NA,NA,NA,NA,NA,NA,NA
LDU_Oficial,2023-01-28T00:30:00Z,1.61913E+18,1.61913E+18,"â˜€ï¸ #NocheBlancaAlMedioDÃ­aLDU
ğŸ¤ #LIGANacional âš½
ğŸ•š 11h00

#VamosLIGA âšªğŸ”´ https://t.co/nXvznRYKXM","â˜€ï¸ #NocheBlancaAlMedioDÃ­aLDU
ğŸ¤ #LIGANacional âš½
ğŸ•š 11h00

#VamosLIGA âšªğŸ”´ https://t.co/nXvznRYKXM",FALSE,,"<a href=""https://about.twitter.com/products/tweetdeck"" rel=""nofollow"">TweetDeck</a>",NA,NA,NA,NA,NA,,,,NA,FALSE,20,274,FALSE,NA,FALSE,NA,und,FALSE,NA,69,NA,,NA,NA,,NA,NA,NA,NA,NA,NA,NA,NA,NA,NA
LDU_Oficial,2023-01-28T00:06:17Z,1.61912E+18,1.61912E+18,"Terminamos la semana cÃ³mo la iniciamosâ€¦Â¡JUNTOS! ğŸ¤â¤ï¸

Nos vemos el domingo ğŸ¤© https://t.co/KOusMu3HD6","Terminamos la semana cÃ³mo la iniciamosâ€¦Â¡JUNTOS! ğŸ¤â¤ï¸

Nos vemos el domingo ğŸ¤© https://t.co/KOusMu3HD6",FALSE,,"<a href=""http://twitter.com/download/iphone"" rel=""nofollow"">Twitter for iPhone</a>",NA,NA,NA,NA,NA,,,,NA,FALSE,21,261,FALSE,NA,FALSE,NA,es,FALSE,NA,75,NA,,NA,NA,,NA,NA,NA,NA,NA,NA,NA,NA,NA,NA
LDU_Oficial,2023-01-27T23:35:30Z,1.61912E+18,1.61912E+18,"ğŸ‘€ Â¡Vuelve a ver jugar a las #GloriasDeLIGA! 

Â¡Segundo Cuadrangular Internacional âš½ğŸŒ!

Â¡MaÃ±ana las semifinales en el #CAR Herbalife de Pomasqui! https://t.co/BdSpAzP8bF","ğŸ‘€ Â¡Vuelve a ver jugar a las #GloriasDeLIGA! 

Â¡Segundo Cuadrangular Internacional âš½ğŸŒ!

Â¡MaÃ±ana las semifinales en el #CAR Herbalife de Pomasqui! https://t.co/BdSpAzP8bF",FALSE,,"<a href=""https://about.twitter.com/products/tweetdeck"" rel=""nofollow"">TweetDeck</a>",NA,NA,NA,NA,NA,,,,NA,FALSE,11,99,FALSE,NA,FALSE,NA,es,FALSE,NA,144,NA,,NA,NA,,NA,NA,NA,NA,NA,NA,NA,NA,NA,NA
LDU_Oficial,2023-01-27T23:00:30Z,1.61911E+18,1.61911E+18,"Â¡Falta muy poco!

Â¿QuÃ© sorpresas crees que habrÃ¡n en la #NocheBlancaAlMedioDÃ­aLDU ğŸ‘€?

ğŸ“† 29.01.2023
ğŸ•š 11h00 https://t.co/9piMvrqfJX","Â¡Falta muy poco!

Â¿QuÃ© sorpresas crees que habrÃ¡n en la #NocheBlancaAlMedioDÃ­aLDU ğŸ‘€?

ğŸ“† 29.01.2023
ğŸ•š 11h00 https://t.co/9piMvrqfJX",FALSE,,"<a href=""https://about.twitter.com/products/tweetdeck"" rel=""nofollow"">TweetDeck</a>",NA,NA,NA,NA,NA,,,,NA,FALSE,55,451,FALSE,NA,FALSE,NA,es,FALSE,NA,106,NA,,NA,NA,,NA,NA,NA,NA,NA,NA,NA,NA,NA,NA
LDU_Oficial,2023-01-27T21:45:00Z,1.62E+18,1.61909E+18,"Â¡Gana entradas para la #NocheBlancaAlMedioDiaLDU!

Descarga la #LDUApp aquÃ­:
ğŸ“±https://t.co/sVs0Tb5Esc

Â¡Y sigue estos pasos!
ğŸ‘‡ ğŸ‘‡ğŸ‘‡ https://t.co/RqMKEZa7kK","Â¡Gana entradas para la #NocheBlancaAlMedioDiaLDU!

Descarga la #LDUApp aquÃ­:
ğŸ“±https://t.co/sVs0Tb5Esc

Â¡Y sigue estos pasos!
ğŸ‘‡ ğŸ‘‡ğŸ‘‡ https://t.co/RqMKEZa7kK",FALSE,,"<a href=""https://about.twitter.com/products/tweetdeck"" rel=""nofollow"">TweetDeck</a>",NA,NA,NA,NA,NA,,,,NA,FALSE,9,68,FALSE,NA,FALSE,NA,es,FALSE,NA,129,NA,,NA,NA,,NA,NA,NA,NA,NA,NA,NA,NA,NA,NA
LDU_Oficial,2023-01-27T21:20:21Z,1.61908E+18,1.61908E+18,"ğŸš¨#VentaDeEntradas

âš½ #NocheBlancaAlMedioDÃ­aLDU

ğŸ›’ https://t.co/krzLJLdJga https://t.co/3NAZznO5Ml","ğŸš¨#VentaDeEntradas

âš½ #NocheBlancaAlMedioDÃ­aLDU

ğŸ›’ https://t.co/krzLJLdJga https://t.co/3NAZznO5Ml",FALSE,,"<a href=""https://about.twitter.com/products/tweetdeck"" rel=""nofollow"">TweetDeck</a>",NA,NA,NA,NA,NA,,,,NA,FALSE,17,129,FALSE,NA,FALSE,NA,und,FALSE,NA,73,NA,,NA,NA,,NA,NA,NA,NA,NA,NA,NA,NA,NA,NA
LDU_Oficial,2023-01-27T01:25:08Z,1.61878E+18,1.61878E+18,"âš½ #NocheBlancaAlMedioDiaLDU

ğŸ“† 29.01.2023
ğŸ•š 11h00
ğŸ›’ Entradas: https://t.co/krzLJLdJga
ğŸ“º TransmisiÃ³n exclusiva: @StarPlusLA para toda LATAM ğŸŒ.

#VamosLIGA âšªğŸ”´ https://t.co/pVe0E18v2B","âš½ #NocheBlancaAlMedioDiaLDU

ğŸ“† 29.01.2023
ğŸ•š 11h00
ğŸ›’ Entradas: https://t.co/krzLJLdJga
ğŸ“º TransmisiÃ³n exclusiva: @StarPlusLA para toda LATAM ğŸŒ.

#VamosLIGA âšªğŸ”´ https://t.co/pVe0E18v2B",FALSE,,"<a href=""https://ads.twitter.com"" rel=""nofollow"">Twitter Ads</a>",NA,NA,NA,NA,NA,,,,NA,FALSE,23,194,FALSE,NA,FALSE,NA,es,FALSE,NA,156,NA,,NA,NA,,NA,NA,NA,NA,NA,NA,NA,NA,NA,NA
LDU_Oficial,2023-01-27T00:30:30Z,1.62E+18,1.61877E+18,"Â¡Gana entradas para la #NocheBlancaAlMedioDiaLDU!

Descarga la #LDUApp aquÃ­:
ğŸ“±https://t.co/sVs0Tb5Esc

Â¡Y sigue estos pasos!
ğŸ‘‡ ğŸ‘‡ğŸ‘‡ https://t.co/YmRZ9hf3TL","Â¡Gana entradas para la #NocheBlancaAlMedioDiaLDU!

Descarga la #LDUApp aquÃ­:
ğŸ“±https://t.co/sVs0Tb5Esc

Â¡Y sigue estos pasos!
ğŸ‘‡ ğŸ‘‡ğŸ‘‡ https://t.co/YmRZ9hf3TL",FALSE,,"<a href=""https://about.twitter.com/products/tweetdeck"" rel=""nofollow"">TweetDeck</a>",NA,NA,NA,NA,NA,,,,NA,FALSE,8,65,FALSE,NA,FALSE,NA,es,FALSE,NA,129,NA,,NA,NA,,NA,NA,NA,NA,NA,NA,NA,NA,NA,NA
LDU_Oficial,2023-01-26T23:59:03Z,1.61876E+18,1.61876E+18,Â¡Estamos listos para el gran partido de la #NocheBlanca2023 !ğŸ¤© https://t.co/EjgmjF9QZn,Â¡Estamos listos para el gran partido de la #NocheBlanca2023 !ğŸ¤© https://t.co/EjgmjF9QZn,FALSE,,"<a href=""http://twitter.com/download/iphone"" rel=""nofollow"">Twitter for iPhone</a>",NA,NA,NA,NA,NA,,,,NA,FALSE,13,167,FALSE,NA,FALSE,NA,es,FALSE,NA,62,NA,,NA,NA,,NA,NA,NA,NA,NA,NA,NA,NA,NA,NA
LDU_Oficial,2023-01-26T22:31:07Z,1.62E+18,1.61874E+18,"ğŸš¨Â¡Venta de entradas habilitada para todo pÃºblico!

Â¡Que el #EstadioRodrigoPaz se pinte de blanco en la #NocheBlancaAlMedioDiaLDU!

ğŸ›’ https://t.co/mM9NfE3Nqg https://t.co/1AlFjtzQcg","ğŸš¨Â¡Venta de entradas habilitada para todo pÃºblico!

Â¡Que el #EstadioRodrigoPaz se pinte de blanco en la #NocheBlancaAlMedioDiaLDU!

ğŸ›’ https://t.co/mM9NfE3Nqg https://t.co/1AlFjtzQcg",FALSE,,"<a href=""https://about.twitter.com/products/tweetdeck"" rel=""nofollow"">TweetDeck</a>",NA,NA,NA,NA,NA,,,,NA,FALSE,16,127,FALSE,NA,FALSE,NA,es,FALSE,NA,156,NA,,NA,NA,,NA,NA,NA,NA,NA,NA,NA,NA,NA,NA
LDU_Oficial,2023-01-26T19:45:17Z,1.6187E+18,1.6187E+18,"ğŸ‘€ Â¡Vuelve a ver jugar a las #GloriasDeLIGA! 

Â¡Segundo Cuadrangular Internacional âš½ğŸŒ!

Â¡La final se jugarÃ¡ despuÃ©s del partido #LIGANacional de la #NocheBlancaAlMedioDiaLDU! https://t.co/xTS2HxkAGt","ğŸ‘€ Â¡Vuelve a ver jugar a las #GloriasDeLIGA! 

Â¡Segundo Cuadrangular Internacional âš½ğŸŒ!

Â¡La final se jugarÃ¡ despuÃ©s del partido #LIGANacional de la #NocheBlancaAlMedioDiaLDU! https://t.co/xTS2HxkAGt",FALSE,,"<a href=""https://about.twitter.com/products/tweetdeck"" rel=""nofollow"">TweetDeck</a>",NA,NA,NA,NA,NA,,,,NA,FALSE,25,170,FALSE,NA,FALSE,NA,es,FALSE,NA,173,NA,,NA,NA,,NA,NA,NA,NA,NA,NA,NA,NA,NA,NA
LDU_Oficial,2023-01-26T13:31:08Z,1.6186E+18,1.6186E+18,"ğŸ‚Â¡Feliz CumpleaÃ±os Querido ""PatÃ³n"" Bauza!

#GloriasDeLIGA ğŸ†â­ https://t.co/sITo2XDrhY","ğŸ‚Â¡Feliz CumpleaÃ±os Querido ""PatÃ³n"" Bauza!

#GloriasDeLIGA ğŸ†â­ https://t.co/sITo2XDrhY",FALSE,,"<a href=""https://about.twitter.com/products/tweetdeck"" rel=""nofollow"">TweetDeck</a>",NA,NA,NA,NA,NA,,,,NA,FALSE,388,2652,FALSE,NA,FALSE,NA,es,FALSE,NA,60,NA,,NA,NA,,NA,NA,NA,NA,NA,NA,NA,NA,NA,NA
LDU_Oficial,2023-01-25T23:30:00Z,1.62E+18,1.61839E+18,#NocheBlancaAlMedioDÃ­aLDU âšªğŸ”´ https://t.co/JJ3fFinEf4,#NocheBlancaAlMedioDÃ­aLDU âšªğŸ”´ https://t.co/JJ3fFinEf4,FALSE,,"<a href=""https://about.twitter.com/products/tweetdeck"" rel=""nofollow"">TweetDeck</a>",NA,NA,NA,NA,NA,,,,NA,FALSE,39,435,FALSE,NA,FALSE,NA,und,FALSE,NA,28,NA,,NA,NA,,NA,NA,NA,NA,NA,NA,NA,NA,NA,NA
LDU_Oficial,2023-01-25T23:19:04Z,1.61839E+18,1.61839E+18,"Feliz ombligo de semana ğŸ¤â¤ï¸
Â¿Contando los dÃ­as para la #NocheBlanca2023? https://t.co/xlzSjoJFiC","Feliz ombligo de semana ğŸ¤â¤ï¸
Â¿Contando los dÃ­as para la #NocheBlanca2023? https://t.co/xlzSjoJFiC",FALSE,,"<a href=""http://twitter.com/download/iphone"" rel=""nofollow"">Twitter for iPhone</a>",NA,NA,NA,NA,NA,,,,NA,FALSE,15,258,FALSE,NA,FALSE,NA,es,FALSE,NA,72,NA,,NA,NA,,NA,NA,NA,NA,NA,NA,NA,NA,NA,NA
LDU_Oficial,2023-01-25T21:02:44Z,1.61835E+18,1.61835E+18,"ğŸš¨Â¡AtenciÃ³n Quito!
#ScoutingLDU https://t.co/kSNRLEkEH3","ğŸš¨Â¡AtenciÃ³n Quito!
#ScoutingLDU https://t.co/kSNRLEkEH3",FALSE,,"<a href=""https://mobile.twitter.com"" rel=""nofollow"">Twitter Web App</a>",NA,NA,NA,NA,NA,,,,NA,TRUE,8,65,FALSE,NA,FALSE,NA,es,FALSE,NA,30,NA,,1.61835E+18,1.61835E+18,,NA,NA,NA,NA,NA,NA,NA,NA,NA,NA
LDU_Oficial,2023-01-25T20:50:00Z,1.62E+18,1.61835E+18,"ğŸš¨Â¡Venta anticipada de entradas habilitada!

ğŸ’¡Exclusiva para tarjetahabientes Liguista SH LDU  #Abonados, #Aportantes y #Kids.

ğŸ›’ https://t.co/ZTckY6YmX4 https://t.co/7mBLVeEG06","ğŸš¨Â¡Venta anticipada de entradas habilitada!

ğŸ’¡Exclusiva para tarjetahabientes Liguista SH LDU  #Abonados, #Aportantes y #Kids.

ğŸ›’ https://t.co/ZTckY6YmX4 https://t.co/7mBLVeEG06",FALSE,,"<a href=""https://about.twitter.com/products/tweetdeck"" rel=""nofollow"">TweetDeck</a>",NA,NA,NA,NA,NA,,,,NA,FALSE,14,103,FALSE,NA,FALSE,NA,es,FALSE,NA,152,NA,,NA,NA,,NA,NA,NA,NA,NA,NA,NA,NA,NA,NA
LDU_Oficial,2023-01-25T18:45:48Z,1.61832E+18,1.61832E+18,"El resumen de la #RuedaDePrensa con toda la informaciÃ³n de la venta de entradas para la #NocheBlancaAlMedioDÃ­aLDU en nuestra web oficial:

ğŸ‘‰ https://t.co/l8tqqKtdyd https://t.co/530AHf5MfU","El resumen de la #RuedaDePrensa con toda la informaciÃ³n de la venta de entradas para la #NocheBlancaAlMedioDÃ­aLDU en nuestra web oficial:

ğŸ‘‰ https://t.co/l8tqqKtdyd https://t.co/530AHf5MfU",FALSE,,"<a href=""https://about.twitter.com/products/tweetdeck"" rel=""nofollow"">TweetDeck</a>",NA,NA,NA,NA,NA,,,,NA,FALSE,5,39,FALSE,NA,FALSE,NA,es,FALSE,NA,164,NA,,NA,NA,,NA,NA,NA,NA,NA,NA,NA,NA,NA,NA
LDU_Oficial,2023-01-25T16:41:39Z,1.61829E+18,1.61829E+18,#VamosPorLos10000 https://t.co/NEe5NxOkp5,#VamosPorLos10000 https://t.co/NEe5NxOkp5,FALSE,,"<a href=""https://about.twitter.com/products/tweetdeck"" rel=""nofollow"">TweetDeck</a>",NA,NA,NA,NA,NA,,,,NA,TRUE,11,137,FALSE,NA,FALSE,NA,qht,FALSE,NA,17,NA,,1.61828E+18,1.61828E+18,,NA,NA,NA,NA,NA,NA,NA,NA,NA,NA
LDU_Oficial,2023-01-25T01:36:40Z,1.61806E+18,1.61806E+18,"Â¡AsÃ­ vivimos la #NocheEmbajadora!ğŸ¤©

Disfruta del detrÃ¡s de cÃ¡maras de nuestra participaciÃ³n en ğŸŸ El CampÃ­n de BogotÃ¡.

Dale play â–¶ï¸ https://t.co/4rZ3ydJ7CW https://t.co/fb6QjZnXRU","Â¡AsÃ­ vivimos la #NocheEmbajadora!ğŸ¤©

Disfruta del detrÃ¡s de cÃ¡maras de nuestra participaciÃ³n en ğŸŸ El CampÃ­n de BogotÃ¡.

Dale play â–¶ï¸ https://t.co/4rZ3ydJ7CW https://t.co/fb6QjZnXRU",FALSE,,"<a href=""https://mobile.twitter.com"" rel=""nofollow"">Twitter Web App</a>",NA,NA,NA,NA,NA,,,,NA,FALSE,12,79,FALSE,NA,FALSE,NA,es,FALSE,NA,155,NA,,NA,NA,,NA,NA,NA,NA,NA,NA,NA,NA,NA,NA
LDU_Oficial,2023-01-25T00:56:21Z,1.61805E+18,1.61805E+18,"â˜€ï¸ #NocheBlancaAlMedioDÃ­aLDU
ğŸ¤ #LIGANacional âš½
ğŸ•š 11h00

#VamosLIGA âšªğŸ”´ https://t.co/ge9QoSxJus","â˜€ï¸ #NocheBlancaAlMedioDÃ­aLDU
ğŸ¤ #LIGANacional âš½
ğŸ•š 11h00

#VamosLIGA âšªğŸ”´ https://t.co/ge9QoSxJus",FALSE,,"<a href=""https://mobile.twitter.com"" rel=""nofollow"">Twitter Web App</a>",NA,NA,NA,NA,NA,,,,NA,FALSE,49,398,FALSE,NA,FALSE,NA,und,FALSE,NA,69,NA,,NA,NA,,NA,NA,NA,NA,NA,NA,NA,NA,NA,NA
LDU_Oficial,2023-01-24T23:18:00Z,1.61803E+18,1.61803E+18,"ğŸš¨Â¡Venta anticipada de entradas habilitada!

ğŸ’¡Exclusiva para tarjetahabientes Liguista SH LDU  #Abonados, #Aportantes y #Kids.

ğŸ›’ https://t.co/ZTckY6YmX4 https://t.co/e4qVVIHhPf","ğŸš¨Â¡Venta anticipada de entradas habilitada!

ğŸ’¡Exclusiva para tarjetahabientes Liguista SH LDU  #Abonados, #Aportantes y #Kids.

ğŸ›’ https://t.co/ZTckY6YmX4 https://t.co/e4qVVIHhPf",FALSE,,"<a href=""https://about.twitter.com/products/tweetdeck"" rel=""nofollow"">TweetDeck</a>",NA,NA,NA,NA,NA,,,,NA,FALSE,25,128,FALSE,NA,FALSE,NA,es,FALSE,NA,152,NA,,NA,NA,,NA,NA,NA,NA,NA,NA,NA,NA,NA,NA
LDU_Oficial,2023-01-24T21:23:13Z,1.618E+18,1.618E+18,ğŸ¥‡ğŸ¤ @Independiente ğŸ‡¦ğŸ‡·âœŒï¸ https://t.co/gB5tsdCwzL,ğŸ¥‡ğŸ¤ @Independiente ğŸ‡¦ğŸ‡·âœŒï¸ https://t.co/gB5tsdCwzL,FALSE,,"<a href=""http://twitter.com/download/android"" rel=""nofollow"">Twitter for Android</a>",NA,NA,NA,NA,NA,,,,NA,TRUE,21,185,FALSE,NA,FALSE,NA,und,FALSE,NA,22,NA,,1.6179E+18,1.6179E+18,,NA,NA,NA,NA,NA,NA,NA,NA,NA,NA
LDU_Oficial,2023-01-24T20:34:25Z,1.61798E+18,1.61798E+18,"Â¡Hey Gabba! ğŸ¤™ğŸ¼ğŸ¤©
El domingo ya es la #NocheBlanca2023 https://t.co/aYBYnm5RxP","Â¡Hey Gabba! ğŸ¤™ğŸ¼ğŸ¤©
El domingo ya es la #NocheBlanca2023 https://t.co/aYBYnm5RxP",FALSE,,"<a href=""http://twitter.com/download/iphone"" rel=""nofollow"">Twitter for iPhone</a>",NA,NA,NA,NA,NA,,,,NA,FALSE,13,211,FALSE,NA,FALSE,NA,es,FALSE,NA,52,NA,,NA,NA,,NA,NA,NA,NA,NA,NA,NA,NA,NA,NA
LDU_Oficial,2023-01-24T20:21:48Z,1.61798E+18,1.61798E+18,"Julio Ãlvarez Gerente de Proestadio:
""Vamos a vincular a toda la familia de LIGA, los que vengan al estadio, los que estÃ©n por redes sociales, quienes estÃ©n a travÃ©s de la televisiÃ³n e hinchas en el exterior"". https://t.co/IJ1Meh7AaR","Julio Ãlvarez Gerente de Proestadio:
""Vamos a vincular a toda la familia de LIGA, los que vengan al estadio, los que estÃ©n por redes sociales, quienes estÃ©n a travÃ©s de la televisiÃ³n e hinchas en el exterior"". https://t.co/IJ1Meh7AaR",FALSE,,"<a href=""http://twitter.com/download/android"" rel=""nofollow"">Twitter for Android</a>",1.61798E+18,1.61798E+18,174825461,174825461,LDU_Oficial,,,,NA,FALSE,4,33,FALSE,NA,FALSE,NA,es,FALSE,NA,209,NA,,NA,NA,,NA,NA,NA,NA,NA,NA,NA,NA,NA,NA
LDU_Oficial,2023-01-24T20:21:41Z,1.61798E+18,1.61798E+18,"Julio Ãlvarez Gerente de Proestadio:
""Al ser una presentaciÃ³n para la familia de LIGA, no hemos considerado a la hinchada visitante. Queremos que sea una fiesta y evitar contratiempos"". https://t.co/xDxquEIPzo","Julio Ãlvarez Gerente de Proestadio:
""Al ser una presentaciÃ³n para la familia de LIGA, no hemos considerado a la hinchada visitante. Queremos que sea una fiesta y evitar contratiempos"". https://t.co/xDxquEIPzo",FALSE,,"<a href=""http://twitter.com/download/android"" rel=""nofollow"">Twitter for Android</a>",1.61798E+18,1.61798E+18,174825461,174825461,LDU_Oficial,,,,NA,FALSE,5,42,FALSE,NA,FALSE,NA,es,FALSE,NA,185,NA,,NA,NA,,NA,NA,NA,NA,NA,NA,NA,NA,NA,NA
LDU_Oficial,2023-01-24T20:21:36Z,1.61798E+18,1.61798E+18,"ğŸ™ï¸ #RuedaDePrensa: #NocheBlanca2023 

Julio Ãlvarez Gerente de Proestadio:
""Ha habido recomendaciones por parte de la PolicÃ­a Nacional para el protocolo de seguridad intentando que vuelva la fiesta del fÃºtbol y la familia a los estadios"". https://t.co/Gxev3m9pN6","ğŸ™ï¸ #RuedaDePrensa: #NocheBlanca2023 

Julio Ãlvarez Gerente de Proestadio:
""Ha habido recomendaciones por parte de la PolicÃ­a Nacional para el protocolo de seguridad intentando que vuelva la fiesta del fÃºtbol y la familia a los estadios"". https://t.co/Gxev3m9pN6",FALSE,,"<a href=""http://twitter.com/download/android"" rel=""nofollow"">Twitter for Android</a>",NA,NA,NA,NA,NA,,,,NA,FALSE,9,80,FALSE,NA,FALSE,NA,es,FALSE,NA,238,NA,,NA,NA,,NA,NA,NA,NA,NA,NA,NA,NA,NA,NA
LDU_Oficial,2023-01-24T19:43:19Z,1.61797E+18,1.61797E+18,"Carlos Flores Gerente Comercial SuperTicket:
""Recomendamos a los hinchas tener descargado su boleto electrÃ³nico en su celular, o tambiÃ©n, imprimir el boleto desde casa con una calidad adecuada que pueda ser leÃ­da por el detector en la entrada y no retrasar el ingreso"". https://t.co/BzNUGzXunl","Carlos Flores Gerente Comercial SuperTicket:
""Recomendamos a los hinchas tener descargado su boleto electrÃ³nico en su celular, o tambiÃ©n, imprimir el boleto desde casa con una calidad adecuada que pueda ser leÃ­da por el detector en la entrada y no retrasar el ingreso"". https://t.co/BzNUGzXunl",FALSE,,"<a href=""http://twitter.com/download/android"" rel=""nofollow"">Twitter for Android</a>",1.61797E+18,1.61797E+18,174825461,174825461,LDU_Oficial,,,,NA,FALSE,7,29,FALSE,NA,FALSE,NA,es,FALSE,NA,269,NA,,NA,NA,,NA,NA,NA,NA,NA,NA,NA,NA,NA,NA
LDU_Oficial,2023-01-24T19:43:00Z,1.61797E+18,1.61797E+18,"ğŸ™ï¸ #RuedaDePrensa: #NocheBlanca

Carlos Flores Gerente Comercial de SuperTicket
""La entrada es nominal, es importante tener los datos de cada una de las personas en su entrada. Las personas con discapacidad, deben registrar su carnet de Conadis para validar la bonificaciÃ³n"". https://t.co/1FgZ5ZpE97","ğŸ™ï¸ #RuedaDePrensa: #NocheBlanca

Carlos Flores Gerente Comercial de SuperTicket
""La entrada es nominal, es importante tener los datos de cada una de las personas en su entrada. Las personas con discapacidad, deben registrar su carnet de Conadis para validar la bonificaciÃ³n"". https://t.co/1FgZ5ZpE97",FALSE,,"<a href=""http://twitter.com/download/android"" rel=""nofollow"">Twitter for Android</a>",NA,NA,NA,NA,NA,,,,NA,FALSE,14,70,FALSE,NA,FALSE,NA,es,FALSE,NA,275,NA,,NA,NA,,NA,NA,NA,NA,NA,NA,NA,NA,NA,NA
LDU_Oficial,2023-01-24T19:21:19Z,1.62E+18,1.61797E+18,"Diego Castro Gerente de LIGA: ""Dependiendo los boletos online vendidos, y pensando en los hinchas que aÃºn no estÃ¡n acostumbrados a la compra online, el dÃ­a sÃ¡bado se habilitarÃ¡ la boleterÃ­a central para venta fÃ­sica, a partir de las 12H00 y el domingo desde las 08H00"". https://t.co/skwV1sYQP3","Diego Castro Gerente de LIGA: ""Dependiendo los boletos online vendidos, y pensando en los hinchas que aÃºn no estÃ¡n acostumbrados a la compra online, el dÃ­a sÃ¡bado se habilitarÃ¡ la boleterÃ­a central para venta fÃ­sica, a partir de las 12H00 y el domingo desde las 08H00"". https://t.co/skwV1sYQP3",FALSE,,"<a href=""http://twitter.com/download/android"" rel=""nofollow"">Twitter for Android</a>",1.61797E+18,1.61797E+18,174825461,174825461,LDU_Oficial,,,,NA,FALSE,9,27,FALSE,NA,FALSE,NA,es,FALSE,NA,269,NA,,NA,NA,,NA,NA,NA,NA,NA,NA,NA,NA,NA,NA
LDU_Oficial,2023-01-24T19:21:13Z,1.61797E+18,1.61797E+18,"Diego Castro Gerente de LIGA:
""El dÃ­a jueves 26 de enero, desde las 17:00 la plataforma https://t.co/XtwCytoWlN se habilitarÃ¡ para la venta al pÃºblico en general"". https://t.co/naYdEqS53m","Diego Castro Gerente de LIGA:
""El dÃ­a jueves 26 de enero, desde las 17:00 la plataforma https://t.co/XtwCytoWlN se habilitarÃ¡ para la venta al pÃºblico en general"". https://t.co/naYdEqS53m",FALSE,,"<a href=""http://twitter.com/download/android"" rel=""nofollow"">Twitter for Android</a>",1.61797E+18,1.61797E+18,174825461,174825461,LDU_Oficial,,,,NA,FALSE,10,37,FALSE,NA,FALSE,NA,es,FALSE,NA,163,NA,,NA,NA,,NA,NA,NA,NA,NA,NA,NA,NA,NA,NA
LDU_Oficial,2023-01-24T19:20:59Z,1.61797E+18,1.61797E+18,"Diego Castro Gerente de LIGA:
""La plataforma se habilitarÃ¡ desde el dÃ­a de hoy, martes 24 de enero, a partir de las 17h00 como venta anticipada exclusiva para Tarjetahabientes LIGUISTA (Abonados, Aportantes y Kids)"" https://t.co/ZhdBwW8rRZ","Diego Castro Gerente de LIGA:
""La plataforma se habilitarÃ¡ desde el dÃ­a de hoy, martes 24 de enero, a partir de las 17h00 como venta anticipada exclusiva para Tarjetahabientes LIGUISTA (Abonados, Aportantes y Kids)"" https://t.co/ZhdBwW8rRZ",FALSE,,"<a href=""http://twitter.com/download/android"" rel=""nofollow"">Twitter for Android</a>",1.61797E+18,1.61797E+18,174825461,174825461,LDU_Oficial,,,,NA,FALSE,4,34,FALSE,NA,FALSE,NA,es,FALSE,NA,215,NA,,NA,NA,,NA,NA,NA,NA,NA,NA,NA,NA,NA,NA
LDU_Oficial,2023-01-24T19:20:52Z,1.61797E+18,1.61797E+18,"ğŸ™ï¸ #RuedaDePrensa: #NocheBlanca2023

Diego Castro Gerente de LIGA: 
""Es la primera vez que vamos a vender boletos totalmente en lÃ­nea, los podrÃ¡n adquirir en la plataforma https://t.co/XtwCytoWlN"" https://t.co/q2FiUd3p8f","ğŸ™ï¸ #RuedaDePrensa: #NocheBlanca2023

Diego Castro Gerente de LIGA: 
""Es la primera vez que vamos a vender boletos totalmente en lÃ­nea, los podrÃ¡n adquirir en la plataforma https://t.co/XtwCytoWlN"" https://t.co/q2FiUd3p8f",FALSE,,"<a href=""http://twitter.com/download/android"" rel=""nofollow"">Twitter for Android</a>",NA,NA,NA,NA,NA,,,,NA,FALSE,19,111,FALSE,NA,FALSE,NA,es,FALSE,NA,196,NA,,NA,NA,,NA,NA,NA,NA,NA,NA,NA,NA,NA,NA
LDU_Oficial,2023-01-24T18:39:15Z,1.62E+18,1.61796E+18,"#RuedaDePrensa
ğŸ—£ï¸Pedro Salvador
""La fundaciÃ³n tiene 10 aÃ±os realizando partidos a nivel nacional e internacional incluso hemos sido invitados a USA. Nuestro principal objetivo es tener una escuela de fÃºtbol para ayudar a niÃ±os de escasos recursos y tambiÃ©n captar auspiciantes."" https://t.co/lzTePQAi3D","#RuedaDePrensa
ğŸ—£ï¸Pedro Salvador
""La fundaciÃ³n tiene 10 aÃ±os realizando partidos a nivel nacional e internacional incluso hemos sido invitados a USA. Nuestro principal objetivo es tener una escuela de fÃºtbol para ayudar a niÃ±os de escasos recursos y tambiÃ©n captar auspiciantes."" https://t.co/lzTePQAi3D",FALSE,,"<a href=""http://twitter.com/download/android"" rel=""nofollow"">Twitter for Android</a>",1.61796E+18,1.61796E+18,174825461,174825461,LDU_Oficial,,,,NA,FALSE,8,29,FALSE,NA,FALSE,NA,es,FALSE,NA,278,NA,,NA,NA,,NA,NA,NA,NA,NA,NA,NA,NA,NA,NA
LDU_Oficial,2023-01-24T18:39:11Z,1.61796E+18,1.61796E+18,"#RuedaDePrensa:
ğŸ—£ï¸Eduardo Zambrano
""Para nosotros siempre es importante volver a casa, representando a LIGA y poder brindar un espectÃ¡culo para la gente que todavÃ­a nos recuerda, lo mÃ¡s importante es el apoyo de la gente para poder conseguir fondos."" https://t.co/mhMgC9mxQ6","#RuedaDePrensa:
ğŸ—£ï¸Eduardo Zambrano
""Para nosotros siempre es importante volver a casa, representando a LIGA y poder brindar un espectÃ¡culo para la gente que todavÃ­a nos recuerda, lo mÃ¡s importante es el apoyo de la gente para poder conseguir fondos."" https://t.co/mhMgC9mxQ6",FALSE,,"<a href=""http://twitter.com/download/android"" rel=""nofollow"">Twitter for Android</a>",1.62E+18,1.61796E+18,174825461,174825461,LDU_Oficial,,,,NA,FALSE,8,37,FALSE,NA,FALSE,NA,es,FALSE,NA,250,NA,,NA,NA,,NA,NA,NA,NA,NA,NA,NA,NA,NA,NA
LDU_Oficial,2023-01-24T18:39:05Z,1.62E+18,1.61796E+18,"#RuedaPrensa:
ğŸ—£ï¸Pedro Salvador
""ParticiparÃ¡n: LDU, CD Espoli, SD Aucas y Club Irvington. Hemos invitado a Chori Palacios, Pato Urrutia, Norberto Araujo. En otros equipos estarÃ¡n; en Espoli: ""Tin"" Delgado y Gabriel YÃ©pez, en Aucas: HÃ©ctor Ferri e Ivan Salazar."" https://t.co/GHv56owPPO","#RuedaPrensa:
ğŸ—£ï¸Pedro Salvador
""ParticiparÃ¡n: LDU, CD Espoli, SD Aucas y Club Irvington. Hemos invitado a Chori Palacios, Pato Urrutia, Norberto Araujo. En otros equipos estarÃ¡n; en Espoli: ""Tin"" Delgado y Gabriel YÃ©pez, en Aucas: HÃ©ctor Ferri e Ivan Salazar."" https://t.co/GHv56owPPO",FALSE,,"<a href=""http://twitter.com/download/android"" rel=""nofollow"">Twitter for Android</a>",1.61796E+18,1.61796E+18,174825461,174825461,LDU_Oficial,,,,NA,FALSE,1,21,FALSE,NA,FALSE,NA,es,FALSE,NA,260,NA,,NA,NA,,NA,NA,NA,NA,NA,NA,NA,NA,NA,NA
LDU_Oficial,2023-01-24T18:39:02Z,1.61796E+18,1.61796E+18,"âš½Segundo Cuadrangular Internacional
ğŸ¤ FundaciÃ³n LIGA Master 90'

Todos invitados, sÃ¡bado 28 a las 12:00 en el #CARPomasqui, la Final se jugarÃ¡ domingo despuÃ©s de la #NocheBlanca2023 a las 15:00 en el ğŸŸï¸ Estadio Rodrigo Paz Delgado. https://t.co/7sHFamzawE","âš½Segundo Cuadrangular Internacional
ğŸ¤ FundaciÃ³n LIGA Master 90'

Todos invitados, sÃ¡bado 28 a las 12:00 en el #CARPomasqui, la Final se jugarÃ¡ domingo despuÃ©s de la #NocheBlanca2023 a las 15:00 en el ğŸŸï¸ Estadio Rodrigo Paz Delgado. https://t.co/7sHFamzawE",FALSE,,"<a href=""http://twitter.com/download/android"" rel=""nofollow"">Twitter for Android</a>",NA,NA,NA,NA,NA,,,,NA,FALSE,17,100,FALSE,NA,FALSE,NA,es,FALSE,NA,231,NA,,NA,NA,,NA,NA,NA,NA,NA,NA,NA,NA,NA,NA
LDU_Oficial,2023-01-24T16:01:21Z,1.61792E+18,1.61792E+18,https://t.co/qbiNZHTKLI,https://t.co/qbiNZHTKLI,FALSE,,"<a href=""http://twitter.com/download/android"" rel=""nofollow"">Twitter for Android</a>",NA,NA,NA,NA,NA,,,,NA,FALSE,9,62,FALSE,NA,FALSE,NA,zxx,FALSE,NA,23,NA,,NA,NA,,NA,NA,NA,NA,NA,NA,NA,NA,NA,NA
LDU_Oficial,2023-01-24T15:36:23Z,1.61791E+18,1.61791E+18,https://t.co/XMxTpJsDEF,https://t.co/XMxTpJsDEF,FALSE,,"<a href=""http://twitter.com/download/iphone"" rel=""nofollow"">Twitter for iPhone</a>",NA,NA,NA,NA,NA,,,,NA,FALSE,9,41,FALSE,NA,FALSE,NA,zxx,FALSE,NA,23,NA,,NA,NA,,NA,NA,NA,NA,NA,NA,NA,NA,NA,NA
LDU_Oficial,2023-01-23T02:57:18Z,1.61736E+18,1.61736E+18,"Â¡Feliz cumpleaÃ±os Samu! ğŸ¥³
De la cantera para el mundo ğŸ”¥ https://t.co/VoVnLosU4P","Â¡Feliz cumpleaÃ±os Samu! ğŸ¥³
De la cantera para el mundo ğŸ”¥ https://t.co/VoVnLosU4P",FALSE,,"<a href=""http://twitter.com/download/iphone"" rel=""nofollow"">Twitter for iPhone</a>",NA,NA,NA,NA,NA,,,,NA,FALSE,15,248,FALSE,NA,FALSE,NA,es,FALSE,NA,55,NA,,NA,NA,,NA,NA,NA,NA,NA,NA,NA,NA,NA,NA
LDU_Oficial,2023-01-23T01:07:32Z,1.61733E+18,1.61733E+18,"ğŸ¤ @MillosFCoficial âš½ğŸ¤©

#NocheEmbajadora https://t.co/wKJiGqjphI","ğŸ¤ @MillosFCoficial âš½ğŸ¤©

#NocheEmbajadora https://t.co/wKJiGqjphI",FALSE,,"<a href=""https://ads.twitter.com"" rel=""nofollow"">Twitter Ads</a>",NA,NA,NA,NA,NA,,,,NA,FALSE,65,1375,FALSE,NA,FALSE,NA,und,FALSE,NA,39,NA,,NA,NA,,NA,NA,NA,NA,NA,NA,NA,NA,NA,NA
LDU_Oficial,2023-01-23T00:58:24Z,1.61733E+18,1.61733E+18,"Un gusto haber sido parte de la #NocheEmbajadora ğŸ˜‰

ğŸ¤ #MILLvsLDU https://t.co/tRgzX043Cq","Un gusto haber sido parte de la #NocheEmbajadora ğŸ˜‰

ğŸ¤ #MILLvsLDU https://t.co/tRgzX043Cq",FALSE,,"<a href=""http://twitter.com/download/iphone"" rel=""nofollow"">Twitter for iPhone</a>",NA,NA,NA,NA,NA,,,,NA,TRUE,76,1606,FALSE,NA,FALSE,NA,es,FALSE,NA,64,NA,,1.61731E+18,1.61731E+18,,NA,NA,NA,NA,NA,NA,NA,NA,NA,NA
LDU_Oficial,2023-01-23T00:57:06Z,1.61733E+18,1.61733E+18,ğŸ“¸ #NocheEmbajadora âœ¨ğŸ¤ https://t.co/vGeh9jWJkr,ğŸ“¸ #NocheEmbajadora âœ¨ğŸ¤ https://t.co/vGeh9jWJkr,FALSE,,"<a href=""http://twitter.com/download/iphone"" rel=""nofollow"">Twitter for iPhone</a>",NA,NA,NA,NA,NA,,,,NA,FALSE,33,478,FALSE,NA,FALSE,NA,und,FALSE,NA,21,NA,,NA,NA,,NA,NA,NA,NA,NA,NA,NA,NA,NA,NA
LDU_Oficial,2023-01-23T00:27:44Z,1.61732E+18,1.61732E+18,"Â¡Final del partido ğŸ¤ #MILLvsLDU!
ğŸ“ŒDivisiÃ³n de honores en El CampÃ­n.

#NocheEmbajadora https://t.co/wJmoUjmuo5","Â¡Final del partido ğŸ¤ #MILLvsLDU!
ğŸ“ŒDivisiÃ³n de honores en El CampÃ­n.

#NocheEmbajadora https://t.co/wJmoUjmuo5",FALSE,,"<a href=""http://twitter.com/download/iphone"" rel=""nofollow"">Twitter for iPhone</a>",NA,NA,NA,NA,NA,,,,NA,FALSE,48,548,FALSE,NA,FALSE,NA,es,FALSE,NA,85,NA,,NA,NA,,NA,NA,NA,NA,NA,NA,NA,NA,NA,NA
LDU_Oficial,2023-01-23T00:05:03Z,1.61731E+18,1.61731E+18,"Min 74' CAMBIO ğŸ”„

Entra: 
11. W. Chala

Sale:
34. A. Mina

#NocheEmbajadora 
#MILLvsLDU","Min 74' CAMBIO ğŸ”„

Entra: 
11. W. Chala

Sale:
34. A. Mina

#NocheEmbajadora 
#MILLvsLDU",FALSE,,"<a href=""http://twitter.com/download/iphone"" rel=""nofollow"">Twitter for iPhone</a>",NA,NA,NA,NA,NA,,,,NA,FALSE,3,57,FALSE,NA,FALSE,NA,es,NA,NA,87,NA,,NA,NA,,NA,NA,NA,NA,NA,NA,NA,NA,NA,NA
LDU_Oficial,2023-01-22T23:44:23Z,1.62E+18,1.61731E+18,"ğŸ”œ Saltamos al segundo tiempo con nuevo XI: 

23. Gabbarinni
14. Quintero
02. R. Mina
 15. RodrÃ­guez 
 05. QuiÃ±Ã³nez 
42. S. Angulo 
09. Alzugaray 
20. Julio
34. A. Mina
32.Â Ibarra
38. AnangonÃ³ https://t.co/ksI1GjGXuM","ğŸ”œ Saltamos al segundo tiempo con nuevo XI: 

23. Gabbarinni
14. Quintero
02. R. Mina
 15. RodrÃ­guez 
 05. QuiÃ±Ã³nez 
42. S. Angulo 
09. Alzugaray 
20. Julio
34. A. Mina
32.Â Ibarra
38. AnangonÃ³ https://t.co/ksI1GjGXuM",FALSE,,"<a href=""http://twitter.com/download/iphone"" rel=""nofollow"">Twitter for iPhone</a>",NA,NA,NA,NA,NA,,,,NA,TRUE,9,94,FALSE,NA,FALSE,NA,es,FALSE,NA,191,NA,,1.61727E+18,1.61727E+18,,NA,NA,NA,NA,NA,NA,NA,NA,NA,NA
LDU_Oficial,2023-01-22T23:18:26Z,1.6173E+18,1.6173E+18,"â±ï¸Al descanso con el marcador 0x0. 

#NocheEmbajadora ğŸ¤œğŸ¤› #MILLvsLDU https://t.co/WC3jDAX7TX","â±ï¸Al descanso con el marcador 0x0. 

#NocheEmbajadora ğŸ¤œğŸ¤› #MILLvsLDU https://t.co/WC3jDAX7TX",FALSE,,"<a href=""http://twitter.com/download/iphone"" rel=""nofollow"">Twitter for iPhone</a>",NA,NA,NA,NA,NA,,,,NA,FALSE,17,274,FALSE,NA,FALSE,NA,es,FALSE,NA,67,NA,,NA,NA,,NA,NA,NA,NA,NA,NA,NA,NA,NA,NA
LDU_Oficial,2023-01-22T22:46:24Z,1.61729E+18,1.61729E+18,"Ya se juega la #NocheEmbajadora 
#MILLvsLDU https://t.co/d4z7pHyQWy","Ya se juega la #NocheEmbajadora 
#MILLvsLDU https://t.co/d4z7pHyQWy",FALSE,,"<a href=""http://twitter.com/download/iphone"" rel=""nofollow"">Twitter for iPhone</a>",NA,NA,NA,NA,NA,,,,NA,FALSE,14,264,FALSE,NA,FALSE,NA,es,FALSE,NA,43,NA,,NA,NA,,NA,NA,NA,NA,NA,NA,NA,NA,NA,NA
LDU_Oficial,2023-01-22T22:26:50Z,1.61729E+18,1.61729E+18,ğŸ‘€ La novatada para Jimmy ğŸ«£ https://t.co/eNcDmR0l3A,ğŸ‘€ La novatada para Jimmy ğŸ«£ https://t.co/eNcDmR0l3A,FALSE,,"<a href=""http://twitter.com/download/iphone"" rel=""nofollow"">Twitter for iPhone</a>",NA,NA,NA,NA,NA,,,,NA,FALSE,18,333,FALSE,NA,FALSE,NA,es,FALSE,NA,26,NA,,NA,NA,,NA,NA,NA,NA,NA,NA,NA,NA,NA,NA
LDU_Oficial,2023-01-22T22:24:31Z,1.61729E+18,1.61729E+18,"ğŸ“¸ Arrancamos el calentamiento âš½ï¸ğŸ”¥

#NocheEmbajadora
#MILLvsLDU https://t.co/f4xWZldona","ğŸ“¸ Arrancamos el calentamiento âš½ï¸ğŸ”¥

#NocheEmbajadora
#MILLvsLDU https://t.co/f4xWZldona",FALSE,,"<a href=""http://twitter.com/download/iphone"" rel=""nofollow"">Twitter for iPhone</a>",NA,NA,NA,NA,NA,,,,NA,FALSE,9,117,FALSE,NA,FALSE,NA,es,FALSE,NA,62,NA,,NA,NA,,NA,NA,NA,NA,NA,NA,NA,NA,NA,NA
LDU_Oficial,2023-01-22T22:05:23Z,1.61728E+18,1.61728E+18,ğŸ˜¯Elegantes para la #NocheEmbajadora https://t.co/ruDcbUUmvA,ğŸ˜¯Elegantes para la #NocheEmbajadora https://t.co/ruDcbUUmvA,FALSE,,"<a href=""http://twitter.com/download/iphone"" rel=""nofollow"">Twitter for iPhone</a>",NA,NA,NA,NA,NA,,,,NA,FALSE,25,261,FALSE,NA,FALSE,NA,es,FALSE,NA,35,NA,,NA,NA,,NA,NA,NA,NA,NA,NA,NA,NA,NA,NA
LDU_Oficial,2023-01-22T22:04:53Z,1.61728E+18,1.61728E+18,"Llegamos a El CampÃ­n ğŸ¤ğŸ˜
#MILLvsLDU https://t.co/6skVe3onYA","Llegamos a El CampÃ­n ğŸ¤ğŸ˜
#MILLvsLDU https://t.co/6skVe3onYA",FALSE,,"<a href=""http://twitter.com/download/iphone"" rel=""nofollow"">Twitter for iPhone</a>",NA,NA,NA,NA,NA,,,,NA,FALSE,20,300,FALSE,NA,FALSE,NA,es,FALSE,NA,34,NA,,NA,NA,,NA,NA,NA,NA,NA,NA,NA,NA,NA,NA
LDU_Oficial,2023-01-22T21:49:15Z,1.61728E+18,1.61728E+18,"Ustedes siempre estÃ¡n ğŸ¤©
#MILLvsLDU
#NocheEmbajadora https://t.co/disWsFfQuK","Ustedes siempre estÃ¡n ğŸ¤©
#MILLvsLDU
#NocheEmbajadora https://t.co/disWsFfQuK",FALSE,,"<a href=""http://twitter.com/download/iphone"" rel=""nofollow"">Twitter for iPhone</a>",NA,NA,NA,NA,NA,,,,NA,FALSE,17,375,FALSE,NA,FALSE,NA,es,FALSE,NA,51,NA,,NA,NA,,NA,NA,NA,NA,NA,NA,NA,NA,NA,NA
LDU_Oficial,2023-01-22T21:00:07Z,1.61727E+18,1.61727E+18,"ğŸ“‹Nuestro XI de lujo para la #NocheEmbajadora .

ğŸ¤MILLvsLDU
Presentado por: @BancoPichincha https://t.co/Sevv20CHny","ğŸ“‹Nuestro XI de lujo para la #NocheEmbajadora .

ğŸ¤MILLvsLDU
Presentado por: @BancoPichincha https://t.co/Sevv20CHny",FALSE,,"<a href=""http://twitter.com/download/iphone"" rel=""nofollow"">Twitter for iPhone</a>",NA,NA,NA,NA,NA,,,,NA,FALSE,39,350,FALSE,NA,FALSE,NA,es,FALSE,NA,90,NA,,NA,NA,,NA,NA,NA,NA,NA,NA,NA,NA,NA,NA
LDU_Oficial,2023-01-22T15:28:13Z,1.61718E+18,1.61718E+18,"#HoyJuegaLIGA âšªğŸ”´
ğŸ¤ #MILLvsLDU
âš½ #NocheEmbajadora
ğŸ•” 17h00

ğŸ“º TransmisiÃ³n: https://t.co/1S5Eee5uyD
ğŸ›’ PPV: $4.25

ğŸ’¡ Para los hinchas albos en BogotÃ¡ ğŸ‡¨ğŸ‡´, la localidad designada es la General Oriental Norte ğŸŸï¸ https://t.co/gQi3axrG3a","#HoyJuegaLIGA âšªğŸ”´
ğŸ¤ #MILLvsLDU
âš½ #NocheEmbajadora
ğŸ•” 17h00

ğŸ“º TransmisiÃ³n: https://t.co/1S5Eee5uyD
ğŸ›’ PPV: $4.25

ğŸ’¡ Para los hinchas albos en BogotÃ¡ ğŸ‡¨ğŸ‡´, la localidad designada es la General Oriental Norte ğŸŸï¸ https://t.co/gQi3axrG3a",FALSE,,"<a href=""https://about.twitter.com/products/tweetdeck"" rel=""nofollow"">TweetDeck</a>",NA,NA,NA,NA,NA,,,,NA,FALSE,42,347,FALSE,NA,FALSE,NA,es,FALSE,NA,204,NA,,NA,NA,,NA,NA,NA,NA,NA,NA,NA,NA,NA,NA
LDU_Oficial,2023-01-22T02:55:02Z,1.61699E+18,1.61699E+18,Â¡Q'hubo pues! ğŸ‘‹ğŸ‡¨ğŸ‡´ https://t.co/nzcZKHUGul,Â¡Q'hubo pues! ğŸ‘‹ğŸ‡¨ğŸ‡´ https://t.co/nzcZKHUGul,FALSE,,"<a href=""https://mobile.twitter.com"" rel=""nofollow"">Twitter Web App</a>",NA,NA,NA,NA,NA,,,,NA,FALSE,35,738,FALSE,NA,FALSE,NA,es,FALSE,NA,17,NA,,NA,NA,,NA,NA,NA,NA,NA,NA,NA,NA,NA,NA
LDU_Oficial,2023-01-21T21:48:40Z,1.61692E+18,1.61692E+18,"ğŸ‘ Enhorabuena @GuerrerasLDU, entre los 4 mejores del Torneo #EvoluciÃ³nCONMEBOL. https://t.co/mySF9Ts2ad","ğŸ‘ Enhorabuena @GuerrerasLDU, entre los 4 mejores del Torneo #EvoluciÃ³nCONMEBOL. https://t.co/mySF9Ts2ad",FALSE,,"<a href=""http://twitter.com/download/android"" rel=""nofollow"">Twitter for Android</a>",NA,NA,NA,NA,NA,,,,NA,TRUE,8,124,FALSE,NA,FALSE,NA,es,FALSE,NA,79,NA,,1.62E+18,1.6169E+18,,NA,NA,NA,NA,NA,NA,NA,NA,NA,NA
LDU_Oficial,2023-01-21T17:16:30Z,1.62E+18,1.61685E+18,Empate de nuestras #MiniAlbas U-14. En casa se define la clasificaciÃ³n a la final Ãºnica del #EvoluciÃ³nCONMEBOL. https://t.co/YtWwdMNMmT,Empate de nuestras #MiniAlbas U-14. En casa se define la clasificaciÃ³n a la final Ãºnica del #EvoluciÃ³nCONMEBOL. https://t.co/YtWwdMNMmT,FALSE,,"<a href=""https://mobile.twitter.com"" rel=""nofollow"">Twitter Web App</a>",NA,NA,NA,NA,NA,,,,NA,TRUE,4,65,FALSE,NA,FALSE,NA,es,FALSE,NA,111,NA,,1.62E+18,1.61684E+18,,NA,NA,NA,NA,NA,NA,NA,NA,NA,NA
LDU_Oficial,2023-01-21T14:46:27Z,1.61681E+18,1.61681E+18,Â¡VAMOS MUCHACHOS! âšªï¸ğŸ”´ https://t.co/4N191sCaei,Â¡VAMOS MUCHACHOS! âšªï¸ğŸ”´ https://t.co/4N191sCaei,FALSE,,"<a href=""http://twitter.com/download/iphone"" rel=""nofollow"">Twitter for iPhone</a>",NA,NA,NA,NA,NA,,,,NA,TRUE,1,104,FALSE,NA,FALSE,NA,es,FALSE,NA,21,NA,,1.61661E+18,1.61661E+18,,NA,NA,NA,NA,NA,NA,NA,NA,NA,NA
LDU_Oficial,2023-01-21T14:42:29Z,1.61681E+18,1.61681E+18,"Â¡Vamos @GuerrerasLDU ğŸ’ª!
#VamosLIGA âšªğŸ”´ https://t.co/h2dYqK8Rh7","Â¡Vamos @GuerrerasLDU ğŸ’ª!
#VamosLIGA âšªğŸ”´ https://t.co/h2dYqK8Rh7",FALSE,,"<a href=""http://twitter.com/download/android"" rel=""nofollow"">Twitter for Android</a>",NA,NA,NA,NA,NA,,,,NA,TRUE,3,57,FALSE,NA,FALSE,NA,es,FALSE,NA,37,NA,,1.62E+18,1.61678E+18,,NA,NA,NA,NA,NA,NA,NA,NA,NA,NA
LDU_Oficial,2023-01-21T01:30:07Z,1.61661E+18,1.61661E+18,"ğŸ—ï¸ Resumen de noticias
ğŸ‘‰https://t.co/zr5D5TmEIg
https://t.co/zr5D5TmEIg https://t.co/ZI358mzxJz","ğŸ—ï¸ Resumen de noticias
ğŸ‘‰https://t.co/zr5D5TmEIg
https://t.co/zr5D5TmEIg https://t.co/ZI358mzxJz",FALSE,,"<a href=""https://www.constantcontact.com/"" rel=""nofollow"">Constant Contact - Social Posts</a>",NA,NA,NA,NA,NA,,,,NA,FALSE,7,57,FALSE,NA,FALSE,NA,es,FALSE,NA,71,NA,,NA,NA,,NA,NA,NA,NA,NA,NA,NA,NA,NA,NA
LDU_Oficial,2023-01-21T00:44:21Z,1.62E+18,1.6166E+18,"ğŸš¨ Â¡Fotos y videos exclusivos del amistoso ğŸ¤#LDUvsCFC!

ğŸ“± MÃ­ralo en nuestra app oficial ğŸ‘‰ https://t.co/sVs0Tb6chK https://t.co/3OuIg5yenF","ğŸš¨ Â¡Fotos y videos exclusivos del amistoso ğŸ¤#LDUvsCFC!

ğŸ“± MÃ­ralo en nuestra app oficial ğŸ‘‰ https://t.co/sVs0Tb6chK https://t.co/3OuIg5yenF",FALSE,,"<a href=""https://mobile.twitter.com"" rel=""nofollow"">Twitter Web App</a>",NA,NA,NA,NA,NA,,,,NA,FALSE,9,98,FALSE,NA,FALSE,NA,es,FALSE,NA,112,NA,,NA,NA,,NA,NA,NA,NA,NA,NA,NA,NA,NA,NA
LDU_Oficial,2023-01-20T23:23:51Z,1.61658E+18,1.61658E+18,Â¿QuÃ© tal esa dupla? ğŸ˜®â€ğŸ’¨ğŸ”¥ https://t.co/TrWuIpzUBx,Â¿QuÃ© tal esa dupla? ğŸ˜®â€ğŸ’¨ğŸ”¥ https://t.co/TrWuIpzUBx,FALSE,,"<a href=""http://twitter.com/download/iphone"" rel=""nofollow"">Twitter for iPhone</a>",NA,NA,NA,NA,NA,,,,NA,FALSE,26,500,FALSE,NA,FALSE,NA,es,FALSE,NA,24,NA,,NA,NA,,NA,NA,NA,NA,NA,NA,NA,NA,NA,NA
LDU_Oficial,2023-01-20T23:09:58Z,1.61657E+18,1.61657E+18,Â¡Nos vemos este domingo @MillosFCoficial ğŸ¤ en la #NocheEmbajadora! https://t.co/cf4dpu83iB,Â¡Nos vemos este domingo @MillosFCoficial ğŸ¤ en la #NocheEmbajadora! https://t.co/cf4dpu83iB,FALSE,,"<a href=""http://twitter.com/download/android"" rel=""nofollow"">Twitter for Android</a>",NA,NA,NA,NA,NA,,,,NA,TRUE,39,601,FALSE,NA,FALSE,NA,es,FALSE,NA,66,NA,,1.61608E+18,1.61608E+18,,NA,NA,NA,NA,NA,NA,NA,NA,NA,NA
LDU_Oficial,2023-01-20T21:31:15Z,1.61655E+18,1.61655E+18,"Â¿Jugador o fotÃ³grafo? ğŸ¤”

Uno de nuestros jugadores se adueÃ±o de la cÃ¡mara y saco Ã©stas fotos. Â¿QuiÃ©n crees que fue?

El video completo en la #LDUApp ğŸ˜œğŸ¤­

ğŸ“±https://t.co/bk6Q37goI7 https://t.co/4zpqm6PGWB","Â¿Jugador o fotÃ³grafo? ğŸ¤”

Uno de nuestros jugadores se adueÃ±o de la cÃ¡mara y saco Ã©stas fotos. Â¿QuiÃ©n crees que fue?

El video completo en la #LDUApp ğŸ˜œğŸ¤­

ğŸ“±https://t.co/bk6Q37goI7 https://t.co/4zpqm6PGWB",FALSE,,"<a href=""http://twitter.com/download/iphone"" rel=""nofollow"">Twitter for iPhone</a>",NA,NA,NA,NA,NA,,,,NA,FALSE,7,120,FALSE,NA,FALSE,NA,es,FALSE,NA,177,NA,,NA,NA,,NA,NA,NA,NA,NA,NA,NA,NA,NA,NA
LDU_Oficial,2023-01-20T17:12:51Z,1.61648E+18,1.61648E+18,"Â¡Estamos listos! ğŸ˜œâœˆï¸

Ãšltimo entrenamiento previo a nuestro viaje a ğŸ‡¨ğŸ‡´ para la noche Embajadora con @MillosFCoficial ğŸ¤ğŸ˜ https://t.co/1SSciFNoCS","Â¡Estamos listos! ğŸ˜œâœˆï¸

Ãšltimo entrenamiento previo a nuestro viaje a ğŸ‡¨ğŸ‡´ para la noche Embajadora con @MillosFCoficial ğŸ¤ğŸ˜ https://t.co/1SSciFNoCS",FALSE,,"<a href=""http://twitter.com/download/iphone"" rel=""nofollow"">Twitter for iPhone</a>",NA,NA,NA,NA,NA,,,,NA,FALSE,26,530,FALSE,NA,FALSE,NA,es,FALSE,NA,119,NA,,NA,NA,,NA,NA,NA,NA,NA,NA,NA,NA,NA,NA
LDU_Oficial,2023-01-20T15:03:06Z,1.61645E+18,1.61645E+18,Â¡Feliz cumpleaÃ±os Renato! ğŸ‚ğŸŠ https://t.co/4YrKIJJghE,Â¡Feliz cumpleaÃ±os Renato! ğŸ‚ğŸŠ https://t.co/4YrKIJJghE,FALSE,,"<a href=""https://mobile.twitter.com"" rel=""nofollow"">Twitter Web App</a>",NA,NA,NA,NA,NA,,,,NA,FALSE,29,600,FALSE,NA,FALSE,NA,es,FALSE,NA,28,NA,,NA,NA,,NA,NA,NA,NA,NA,NA,NA,NA,NA,NA
LDU_Oficial,2023-01-20T00:00:01Z,1.61622E+18,1.61622E+18,âš½ #NocheBlancaAlMedioDÃ­aLDU https://t.co/o8A2OMHbmw,âš½ #NocheBlancaAlMedioDÃ­aLDU https://t.co/o8A2OMHbmw,FALSE,,"<a href=""https://about.twitter.com/products/tweetdeck"" rel=""nofollow"">TweetDeck</a>",NA,NA,NA,NA,NA,,,,NA,FALSE,46,407,FALSE,NA,FALSE,NA,und,FALSE,NA,27,NA,,NA,NA,,NA,NA,NA,NA,NA,NA,NA,NA,NA,NA
LDU_Oficial,2023-01-19T23:00:01Z,1.61621E+18,1.61621E+18,"ğŸš¨ Â¡Fotos y videos exclusivos del primer amistoso del aÃ±o!

ğŸ¤#LDUvsECU-Sub20

EncuÃ©ntralo en nuestra app oficial ğŸ‘‰ https://t.co/bk6Q37goI7 https://t.co/TBPjmUnKI4","ğŸš¨ Â¡Fotos y videos exclusivos del primer amistoso del aÃ±o!

ğŸ¤#LDUvsECU-Sub20

EncuÃ©ntralo en nuestra app oficial ğŸ‘‰ https://t.co/bk6Q37goI7 https://t.co/TBPjmUnKI4",FALSE,,"<a href=""https://about.twitter.com/products/tweetdeck"" rel=""nofollow"">TweetDeck</a>",NA,NA,NA,NA,NA,,,,NA,FALSE,8,110,FALSE,NA,FALSE,NA,es,FALSE,NA,137,NA,,NA,NA,,NA,NA,NA,NA,NA,NA,NA,NA,NA,NA
LDU_Oficial,2023-01-19T22:39:54Z,1.62E+18,1.6162E+18,LIGA AIRLINES âœˆï¸ğŸ§¤ğŸ”¥ğŸ˜ https://t.co/l0TU1B5DwY,LIGA AIRLINES âœˆï¸ğŸ§¤ğŸ”¥ğŸ˜ https://t.co/l0TU1B5DwY,FALSE,,"<a href=""http://twitter.com/download/android"" rel=""nofollow"">Twitter for Android</a>",NA,NA,NA,NA,NA,,,,NA,FALSE,25,403,FALSE,NA,FALSE,NA,et,FALSE,NA,19,NA,,NA,NA,,NA,NA,NA,NA,NA,NA,NA,NA,NA,NA
LDU_Oficial,2023-01-19T22:07:02Z,1.62E+18,1.6162E+18,"ğŸ”œ Â¡PrÃ³ximo partido! 
ğŸ›« ğŸ‡¨ğŸ‡´
Â¡Nos vemos este domingo @MillosFCoficial âš½!

#VamosLIGA âšªğŸ”´ https://t.co/3AJraWb6Fm","ğŸ”œ Â¡PrÃ³ximo partido! 
ğŸ›« ğŸ‡¨ğŸ‡´
Â¡Nos vemos este domingo @MillosFCoficial âš½!

#VamosLIGA âšªğŸ”´ https://t.co/3AJraWb6Fm",FALSE,,"<a href=""https://about.twitter.com/products/tweetdeck"" rel=""nofollow"">TweetDeck</a>",NA,NA,NA,NA,NA,,,,NA,FALSE,87,1439,FALSE,NA,FALSE,NA,es,FALSE,NA,84,NA,,NA,NA,,NA,NA,NA,NA,NA,NA,NA,NA,NA,NA
LDU_Oficial,2023-01-19T20:30:52Z,1.62E+18,1.61617E+18,ğŸ™ŒğŸ˜âš½ https://t.co/flEPjVtguh,ğŸ™ŒğŸ˜âš½ https://t.co/flEPjVtguh,FALSE,,"<a href=""http://twitter.com/download/android"" rel=""nofollow"">Twitter for Android</a>",NA,NA,NA,NA,NA,,,,NA,TRUE,22,245,FALSE,NA,FALSE,NA,art,FALSE,NA,3,NA,,1.61609E+18,1.61609E+18,,NA,NA,NA,NA,NA,NA,NA,NA,NA,NA
LDU_Oficial,2023-01-18T22:51:07Z,1.62E+18,1.61584E+18,"Â¡Tenemos una nueva alianza! 

Damos la Bienvenida al Mundo LIGA a @GoldenCia_data ğŸ‘ğŸ‘.

#VamosLIGA âšªğŸ”´ https://t.co/YODlKzce2E","Â¡Tenemos una nueva alianza! 

Damos la Bienvenida al Mundo LIGA a @GoldenCia_data ğŸ‘ğŸ‘.

#VamosLIGA âšªğŸ”´ https://t.co/YODlKzce2E",FALSE,,"<a href=""https://about.twitter.com/products/tweetdeck"" rel=""nofollow"">TweetDeck</a>",NA,NA,NA,NA,NA,,,,NA,FALSE,21,241,FALSE,NA,FALSE,NA,es,FALSE,NA,100,NA,,NA,NA,,NA,NA,NA,NA,NA,NA,NA,NA,NA,NA
LDU_Oficial,2023-01-18T16:50:48Z,1.62E+18,1.61575E+18,"ğŸ“¸ ğŸ¤ #LDUvsCFC | Segundo Partido

#Pretemporada2023 https://t.co/FwI9Okzq3q","ğŸ“¸ ğŸ¤ #LDUvsCFC | Segundo Partido

#Pretemporada2023 https://t.co/FwI9Okzq3q",FALSE,,"<a href=""http://twitter.com/download/android"" rel=""nofollow"">Twitter for Android</a>",NA,NA,NA,NA,NA,,,,NA,FALSE,10,131,FALSE,NA,FALSE,NA,pt,FALSE,NA,50,NA,,NA,NA,,NA,NA,NA,NA,NA,NA,NA,NA,NA,NA
LDU_Oficial,2023-01-18T16:48:54Z,1.61575E+18,1.61575E+18,"Â¡Final del Segundo partido!
âš½ Ãngel GonzÃ¡lez y Jimmy Mina
â†”ï¸ Randy Meneses ingresÃ³ en el segundo tiempo.

ğŸ¤ #LDUvsCFC | Segundo partido
#Pretemporada2023 https://t.co/ShTimMjK5Q","Â¡Final del Segundo partido!
âš½ Ãngel GonzÃ¡lez y Jimmy Mina
â†”ï¸ Randy Meneses ingresÃ³ en el segundo tiempo.

ğŸ¤ #LDUvsCFC | Segundo partido
#Pretemporada2023 https://t.co/ShTimMjK5Q",FALSE,,"<a href=""http://twitter.com/download/android"" rel=""nofollow"">Twitter for Android</a>",NA,NA,NA,NA,NA,,,,NA,FALSE,15,129,FALSE,NA,FALSE,NA,es,FALSE,NA,153,NA,,NA,NA,,NA,NA,NA,NA,NA,NA,NA,NA,NA,NA
LDU_Oficial,2023-01-18T16:35:22Z,1.61575E+18,1.61575E+18,"Gol de Cumbaya FC desde el punto del penal.

ğŸ¤ #LDUvsCFC 2x1 | segundo partido 

#PretemporadaLDU","Gol de Cumbaya FC desde el punto del penal.

ğŸ¤ #LDUvsCFC 2x1 | segundo partido 

#PretemporadaLDU",FALSE,,"<a href=""http://twitter.com/download/android"" rel=""nofollow"">Twitter for Android</a>",NA,NA,NA,NA,NA,,,,NA,FALSE,9,60,FALSE,NA,FALSE,NA,es,NA,NA,97,NA,,NA,NA,,NA,NA,NA,NA,NA,NA,NA,NA,NA,NA
LDU_Oficial,2023-01-18T16:24:00Z,1.61575E+18,1.61575E+18,"âš½ Â¡Jimmy Mina marca la segunda!

ğŸ¤ #LDUvsCFC 2x0 | segundo partido 

#PretemporadaLDU https://t.co/84nWO9lXqS","âš½ Â¡Jimmy Mina marca la segunda!

ğŸ¤ #LDUvsCFC 2x0 | segundo partido 

#PretemporadaLDU https://t.co/84nWO9lXqS",FALSE,,"<a href=""http://twitter.com/download/android"" rel=""nofollow"">Twitter for Android</a>",NA,NA,NA,NA,NA,,,,NA,FALSE,15,155,FALSE,NA,FALSE,NA,es,FALSE,NA,85,NA,,NA,NA,,NA,NA,NA,NA,NA,NA,NA,NA,NA,NA
LDU_Oficial,2023-01-18T16:02:43Z,1.61574E+18,1.61574E+18,"âš½ Â¡GOOOL de Ãngel GonzÃ¡lez!

ğŸ¤ #LDUvsCFC 1x0 | segundo partido 

#PretemporadaLDU https://t.co/cbaBA1LOd9","âš½ Â¡GOOOL de Ãngel GonzÃ¡lez!

ğŸ¤ #LDUvsCFC 1x0 | segundo partido 

#PretemporadaLDU https://t.co/cbaBA1LOd9",FALSE,,"<a href=""http://twitter.com/download/android"" rel=""nofollow"">Twitter for Android</a>",NA,NA,NA,NA,NA,,,,NA,FALSE,15,225,FALSE,NA,FALSE,NA,es,FALSE,NA,81,NA,,NA,NA,,NA,NA,NA,NA,NA,NA,NA,NA,NA,NA
LDU_Oficial,2023-01-18T15:49:29Z,1.61574E+18,1.61574E+18,"ğŸ¤ #LDUvsCFC: Inicia el segundo partido.

Convocatoria para el segundo partido: A. Dominguez, R. Ade, J. Mina, D. Romero, B. RamÃ­rez, E. Piovi, D. Luna, J. Arce, A. Gonzalez, A. Alvarado Y J. Ãngulo

#PretemporadaLDU https://t.co/hwpVCRlnBm","ğŸ¤ #LDUvsCFC: Inicia el segundo partido.

Convocatoria para el segundo partido: A. Dominguez, R. Ade, J. Mina, D. Romero, B. RamÃ­rez, E. Piovi, D. Luna, J. Arce, A. Gonzalez, A. Alvarado Y J. Ãngulo

#PretemporadaLDU https://t.co/hwpVCRlnBm",FALSE,,"<a href=""http://twitter.com/download/android"" rel=""nofollow"">Twitter for Android</a>",NA,NA,NA,NA,NA,,,,NA,FALSE,10,130,FALSE,NA,FALSE,NA,es,FALSE,NA,215,NA,,NA,NA,,NA,NA,NA,NA,NA,NA,NA,NA,NA,NA
LDU_Oficial,2023-01-18T15:29:30Z,1.61573E+18,1.61573E+18,"ğŸ“¸ ğŸ¤ #LDUvsCFC | Primer partido

#Pretemporada2023 https://t.co/QjLveXK6iH","ğŸ“¸ ğŸ¤ #LDUvsCFC | Primer partido

#Pretemporada2023 https://t.co/QjLveXK6iH",FALSE,,"<a href=""http://twitter.com/download/android"" rel=""nofollow"">Twitter for Android</a>",NA,NA,NA,NA,NA,,,,NA,FALSE,10,136,FALSE,NA,FALSE,NA,es,FALSE,NA,49,NA,,NA,NA,,NA,NA,NA,NA,NA,NA,NA,NA,NA,NA
LDU_Oficial,2023-01-18T15:28:24Z,1.61573E+18,1.61573E+18,"Â¡Final del primer partido!
âš½ Jhojan Julio y Richard Mina
â†”ï¸ Brian Heras y Randy Meneses ingresaron en el segundo tiempo.

ğŸ¤ #LDUvsCFC | Primer partido
#Pretemporada2023 https://t.co/iVNqUXDWM5","Â¡Final del primer partido!
âš½ Jhojan Julio y Richard Mina
â†”ï¸ Brian Heras y Randy Meneses ingresaron en el segundo tiempo.

ğŸ¤ #LDUvsCFC | Primer partido
#Pretemporada2023 https://t.co/iVNqUXDWM5",FALSE,,"<a href=""http://twitter.com/download/android"" rel=""nofollow"">Twitter for Android</a>",NA,NA,NA,NA,NA,,,,NA,FALSE,20,156,FALSE,NA,FALSE,NA,es,FALSE,NA,168,NA,,NA,NA,,NA,NA,NA,NA,NA,NA,NA,NA,NA,NA
LDU_Oficial,2023-01-18T15:26:43Z,1.61573E+18,1.61573E+18,"âš½ Â¡Richard Mina marca la segunda!

ğŸ¤ #LDUvsCFC | Primer partido https://t.co/xmKU3QKYHB","âš½ Â¡Richard Mina marca la segunda!

ğŸ¤ #LDUvsCFC | Primer partido https://t.co/xmKU3QKYHB",FALSE,,"<a href=""http://twitter.com/download/android"" rel=""nofollow"">Twitter for Android</a>",NA,NA,NA,NA,NA,,,,NA,FALSE,11,249,FALSE,NA,FALSE,NA,es,FALSE,NA,63,NA,,NA,NA,,NA,NA,NA,NA,NA,NA,NA,NA,NA,NA
LDU_Oficial,2023-01-18T15:25:15Z,1.61573E+18,1.61573E+18,"âš½ Â¡GOLAAAZOOO de Jhojan Julio!

ğŸ¤ #LDUvsCFC 1x0 | Primer partido.

#PretemporadaLDU https://t.co/q3McAvay5K","âš½ Â¡GOLAAAZOOO de Jhojan Julio!

ğŸ¤ #LDUvsCFC 1x0 | Primer partido.

#PretemporadaLDU https://t.co/q3McAvay5K",FALSE,,"<a href=""http://twitter.com/download/android"" rel=""nofollow"">Twitter for Android</a>",NA,NA,NA,NA,NA,,,,NA,FALSE,11,177,FALSE,NA,FALSE,NA,es,FALSE,NA,83,NA,,NA,NA,,NA,NA,NA,NA,NA,NA,NA,NA,NA,NA
